Representation,Approach,Complexity,Branching,QuestionId,Prompt,Question,Correct_Answer,Model_Answer,Duration,Model,Timestamp
english,extensional,3,R,0_pc5,"Imagine there are six people: Alan, Brandy, Carla, Donald, Eric and Felicia. They have the following relationships to each other:\n\n\nthe enemy of Alan = Donald   the friend of Alan = Eric       the parent of Brandy = Alan     the child of Alan = Brandy     \nthe enemy of Brandy = Carla  the friend of Brandy = Felicia  the parent of Eric = Carla      the child of Carla = Eric      \nthe enemy of Carla = Brandy  the friend of Carla = Donald    the parent of Felicia = Donald  the child of Donald = Felicia  \nthe enemy of Donald = Alan   the friend of Donald = Carla    \nthe enemy of Eric = Felicia  the friend of Eric = Alan       \nthe enemy of Felicia = Eric  the friend of Felicia = Brandy  \n\nHere is how to figure out the answer to the following question:\nWho is the friend of the enemy of Donald?\n\nHere are the steps to arrive at the answer:\n1. the enemy of Donald = Alan\n2. the friend of Alan = Eric\n\nSo the answer is Eric\n\nNow answer the following question:\nWho is the parent of the child of Donald? Please answer the question in the same format as the example. End with 'So the answer is [answer]'.",the parent of the child of Donald,Donald,1. the child of Donald = Felicia  \n2. the parent of Felicia = Donald  \n\nSo the answer is Donald,13.067532777786255,o3-mini,2025-03-14 11:22:58
english,extensional,3,R,0_ef1,"Imagine there are six people: Alan, Brandy, Carla, Donald, Eric and Felicia. They have the following relationships to each other:\n\n\nthe enemy of Alan = Donald   the friend of Alan = Eric       the parent of Brandy = Alan     the child of Alan = Brandy     \nthe enemy of Brandy = Carla  the friend of Brandy = Felicia  the parent of Eric = Carla      the child of Carla = Eric      \nthe enemy of Carla = Brandy  the friend of Carla = Donald    the parent of Felicia = Donald  the child of Donald = Felicia  \nthe enemy of Donald = Alan   the friend of Donald = Carla    \nthe enemy of Eric = Felicia  the friend of Eric = Alan       \nthe enemy of Felicia = Eric  the friend of Felicia = Brandy  \n\nHere is how to figure out the answer to the following question:\nWho is the friend of the enemy of Donald?\n\nHere are the steps to arrive at the answer:\n1. the enemy of Donald = Alan\n2. the friend of Alan = Eric\n\nSo the answer is Eric\n\nNow answer the following question:\nWho is the enemy of the friend of Eric? Please answer the question in the same format as the example. End with 'So the answer is [answer]'.",the enemy of the friend of Eric,Donald,1. the friend of Eric = Alan  \n2. the enemy of Alan = Donald  \n\nSo the answer is Donald,6.602837085723877,o3-mini,2025-03-14 11:23:05
english,extensional,3,R,0_ep0,"Imagine there are six people: Alan, Brandy, Carla, Donald, Eric and Felicia. They have the following relationships to each other:\n\n\nthe enemy of Alan = Donald   the friend of Alan = Eric       the parent of Brandy = Alan     the child of Alan = Brandy     \nthe enemy of Brandy = Carla  the friend of Brandy = Felicia  the parent of Eric = Carla      the child of Carla = Eric      \nthe enemy of Carla = Brandy  the friend of Carla = Donald    the parent of Felicia = Donald  the child of Donald = Felicia  \nthe enemy of Donald = Alan   the friend of Donald = Carla    \nthe enemy of Eric = Felicia  the friend of Eric = Alan       \nthe enemy of Felicia = Eric  the friend of Felicia = Brandy  \n\nHere is how to figure out the answer to the following question:\nWho is the friend of the enemy of Donald?\n\nHere are the steps to arrive at the answer:\n1. the enemy of Donald = Alan\n2. the friend of Alan = Eric\n\nSo the answer is Eric\n\nNow answer the following question:\nWho is the enemy of the parent of Brandy? Please answer the question in the same format as the example. End with 'So the answer is [answer]'.",the enemy of the parent of Brandy,Donald,1. The parent of Brandy = Alan  \n2. The enemy of Alan = Donald  \n\nSo the answer is Donald.,6.663849353790283,o3-mini,2025-03-14 11:23:12
english,extensional,3,R,0_ff2,"Imagine there are six people: Alan, Brandy, Carla, Donald, Eric and Felicia. They have the following relationships to each other:\n\n\nthe enemy of Alan = Donald   the friend of Alan = Eric       the parent of Brandy = Alan     the child of Alan = Brandy     \nthe enemy of Brandy = Carla  the friend of Brandy = Felicia  the parent of Eric = Carla      the child of Carla = Eric      \nthe enemy of Carla = Brandy  the friend of Carla = Donald    the parent of Felicia = Donald  the child of Donald = Felicia  \nthe enemy of Donald = Alan   the friend of Donald = Carla    \nthe enemy of Eric = Felicia  the friend of Eric = Alan       \nthe enemy of Felicia = Eric  the friend of Felicia = Brandy  \n\nHere is how to figure out the answer to the following question:\nWho is the friend of the enemy of Donald?\n\nHere are the steps to arrive at the answer:\n1. the enemy of Donald = Alan\n2. the friend of Alan = Eric\n\nSo the answer is Eric\n\nNow answer the following question:\nWho is the friend of the friend of Felicia? Please answer the question in the same format as the example. End with 'So the answer is [answer]'.",the friend of the friend of Felicia,Felicia,1. the friend of Felicia = Brandy  \n2. the friend of Brandy = Felicia  \n\nSo the answer is Felicia,16.460244178771973,o3-mini,2025-03-14 11:23:28
english,extensional,3,R,0_fc3,"Imagine there are six people: Alan, Brandy, Carla, Donald, Eric and Felicia. They have the following relationships to each other:\n\n\nthe enemy of Alan = Donald   the friend of Alan = Eric       the parent of Brandy = Alan     the child of Alan = Brandy     \nthe enemy of Brandy = Carla  the friend of Brandy = Felicia  the parent of Eric = Carla      the child of Carla = Eric      \nthe enemy of Carla = Brandy  the friend of Carla = Donald    the parent of Felicia = Donald  the child of Donald = Felicia  \nthe enemy of Donald = Alan   the friend of Donald = Carla    \nthe enemy of Eric = Felicia  the friend of Eric = Alan       \nthe enemy of Felicia = Eric  the friend of Felicia = Brandy  \n\nHere is how to figure out the answer to the following question:\nWho is the friend of the enemy of Donald?\n\nHere are the steps to arrive at the answer:\n1. the enemy of Donald = Alan\n2. the friend of Alan = Eric\n\nSo the answer is Eric\n\nNow answer the following question:\nWho is the friend of the child of Carla? Please answer the question in the same format as the example. End with 'So the answer is [answer]'.",the friend of the child of Carla,Alan,1. the child of Carla = Eric  \n2. the friend of Eric = Alan  \n\nSo the answer is Alan,18.314363479614258,o3-mini,2025-03-14 11:23:46
english,extensional,3,R,0_ec4,"Imagine there are six people: Alan, Brandy, Carla, Donald, Eric and Felicia. They have the following relationships to each other:\n\n\nthe enemy of Alan = Donald   the friend of Alan = Eric       the parent of Brandy = Alan     the child of Alan = Brandy     \nthe enemy of Brandy = Carla  the friend of Brandy = Felicia  the parent of Eric = Carla      the child of Carla = Eric      \nthe enemy of Carla = Brandy  the friend of Carla = Donald    the parent of Felicia = Donald  the child of Donald = Felicia  \nthe enemy of Donald = Alan   the friend of Donald = Carla    \nthe enemy of Eric = Felicia  the friend of Eric = Alan       \nthe enemy of Felicia = Eric  the friend of Felicia = Brandy  \n\nHere is how to figure out the answer to the following question:\nWho is the friend of the enemy of Donald?\n\nHere are the steps to arrive at the answer:\n1. the enemy of Donald = Alan\n2. the friend of Alan = Eric\n\nSo the answer is Eric\n\nNow answer the following question:\nWho is the enemy of the child of Alan? Please answer the question in the same format as the example. End with 'So the answer is [answer]'.",the enemy of the child of Alan,Carla,1. the child of Alan = Brandy  \n2. the enemy of Brandy = Carla  \n\nSo the answer is Carla,4.844953298568726,o3-mini,2025-03-14 11:23:51
english,extensional,3,R,0_ep1,"Imagine there are six people: Alan, Brandy, Carla, Donald, Eric and Felicia. They have the following relationships to each other:\n\n\nthe enemy of Alan = Donald   the friend of Alan = Eric       the parent of Brandy = Alan     the child of Alan = Brandy     \nthe enemy of Brandy = Carla  the friend of Brandy = Felicia  the parent of Eric = Carla      the child of Carla = Eric      \nthe enemy of Carla = Brandy  the friend of Carla = Donald    the parent of Felicia = Donald  the child of Donald = Felicia  \nthe enemy of Donald = Alan   the friend of Donald = Carla    \nthe enemy of Eric = Felicia  the friend of Eric = Alan       \nthe enemy of Felicia = Eric  the friend of Felicia = Brandy  \n\nHere is how to figure out the answer to the following question:\nWho is the friend of the enemy of Donald?\n\nHere are the steps to arrive at the answer:\n1. the enemy of Donald = Alan\n2. the friend of Alan = Eric\n\nSo the answer is Eric\n\nNow answer the following question:\nWho is the enemy of the parent of Eric? Please answer the question in the same format as the example. End with 'So the answer is [answer]'.",the enemy of the parent of Eric,Brandy,1. the parent of Eric = Carla  \n2. the enemy of Carla = Brandy  \n\nSo the answer is Brandy,7.2420103549957275,o3-mini,2025-03-14 11:23:58
english,extensional,3,R,0_ce4,"Imagine there are six people: Alan, Brandy, Carla, Donald, Eric and Felicia. They have the following relationships to each other:\n\n\nthe enemy of Alan = Donald   the friend of Alan = Eric       the parent of Brandy = Alan     the child of Alan = Brandy     \nthe enemy of Brandy = Carla  the friend of Brandy = Felicia  the parent of Eric = Carla      the child of Carla = Eric      \nthe enemy of Carla = Brandy  the friend of Carla = Donald    the parent of Felicia = Donald  the child of Donald = Felicia  \nthe enemy of Donald = Alan   the friend of Donald = Carla    \nthe enemy of Eric = Felicia  the friend of Eric = Alan       \nthe enemy of Felicia = Eric  the friend of Felicia = Brandy  \n\nHere is how to figure out the answer to the following question:\nWho is the friend of the enemy of Donald?\n\nHere are the steps to arrive at the answer:\n1. the enemy of Donald = Alan\n2. the friend of Alan = Eric\n\nSo the answer is Eric\n\nNow answer the following question:\nWho is the child of the enemy of Alan? Please answer the question in the same format as the example. End with 'So the answer is [answer]'.",the child of the enemy of Alan,Felicia,1. The enemy of Alan = Donald  \n2. The child of Donald = Felicia  \n\nSo the answer is Felicia,5.529873371124268,o3-mini,2025-03-14 11:24:04
english,extensional,3,R,0_pc4,"Imagine there are six people: Alan, Brandy, Carla, Donald, Eric and Felicia. They have the following relationships to each other:\n\n\nthe enemy of Alan = Donald   the friend of Alan = Eric       the parent of Brandy = Alan     the child of Alan = Brandy     \nthe enemy of Brandy = Carla  the friend of Brandy = Felicia  the parent of Eric = Carla      the child of Carla = Eric      \nthe enemy of Carla = Brandy  the friend of Carla = Donald    the parent of Felicia = Donald  the child of Donald = Felicia  \nthe enemy of Donald = Alan   the friend of Donald = Carla    \nthe enemy of Eric = Felicia  the friend of Eric = Alan       \nthe enemy of Felicia = Eric  the friend of Felicia = Brandy  \n\nHere is how to figure out the answer to the following question:\nWho is the friend of the enemy of Donald?\n\nHere are the steps to arrive at the answer:\n1. the enemy of Donald = Alan\n2. the friend of Alan = Eric\n\nSo the answer is Eric\n\nNow answer the following question:\nWho is the parent of the child of Alan? Please answer the question in the same format as the example. End with 'So the answer is [answer]'.",the parent of the child of Alan,Alan,1. the child of Alan = Brandy  \n2. the parent of Brandy = Alan  \n\nSo the answer is Alan,7.7418060302734375,o3-mini,2025-03-14 11:24:12
english,extensional,3,R,0_ee0,"Imagine there are six people: Alan, Brandy, Carla, Donald, Eric and Felicia. They have the following relationships to each other:\n\n\nthe enemy of Alan = Donald   the friend of Alan = Eric       the parent of Brandy = Alan     the child of Alan = Brandy     \nthe enemy of Brandy = Carla  the friend of Brandy = Felicia  the parent of Eric = Carla      the child of Carla = Eric      \nthe enemy of Carla = Brandy  the friend of Carla = Donald    the parent of Felicia = Donald  the child of Donald = Felicia  \nthe enemy of Donald = Alan   the friend of Donald = Carla    \nthe enemy of Eric = Felicia  the friend of Eric = Alan       \nthe enemy of Felicia = Eric  the friend of Felicia = Brandy  \n\nHere is how to figure out the answer to the following question:\nWho is the friend of the enemy of Donald?\n\nHere are the steps to arrive at the answer:\n1. the enemy of Donald = Alan\n2. the friend of Alan = Eric\n\nSo the answer is Eric\n\nNow answer the following question:\nWho is the enemy of the enemy of Brandy? Please answer the question in the same format as the example. End with 'So the answer is [answer]'.",the enemy of the enemy of Brandy,Brandy,1. the enemy of Brandy = Carla  \n2. the enemy of Carla = Brandy  \n\nSo the answer is Brandy,6.58467435836792,o3-mini,2025-03-14 11:24:18
english,extensional,3,R,0_ec3,"Imagine there are six people: Alan, Brandy, Carla, Donald, Eric and Felicia. They have the following relationships to each other:\n\n\nthe enemy of Alan = Donald   the friend of Alan = Eric       the parent of Brandy = Alan     the child of Alan = Brandy     \nthe enemy of Brandy = Carla  the friend of Brandy = Felicia  the parent of Eric = Carla      the child of Carla = Eric      \nthe enemy of Carla = Brandy  the friend of Carla = Donald    the parent of Felicia = Donald  the child of Donald = Felicia  \nthe enemy of Donald = Alan   the friend of Donald = Carla    \nthe enemy of Eric = Felicia  the friend of Eric = Alan       \nthe enemy of Felicia = Eric  the friend of Felicia = Brandy  \n\nHere is how to figure out the answer to the following question:\nWho is the friend of the enemy of Donald?\n\nHere are the steps to arrive at the answer:\n1. the enemy of Donald = Alan\n2. the friend of Alan = Eric\n\nSo the answer is Eric\n\nNow answer the following question:\nWho is the enemy of the child of Carla? Please answer the question in the same format as the example. End with 'So the answer is [answer]'.",the enemy of the child of Carla,Felicia,1. the child of Carla = Eric  \n2. the enemy of Eric = Felicia  \n\nSo the answer is Felicia,6.680354595184326,o3-mini,2025-03-14 11:24:25
english,extensional,3,R,0_pc3,"Imagine there are six people: Alan, Brandy, Carla, Donald, Eric and Felicia. They have the following relationships to each other:\n\n\nthe enemy of Alan = Donald   the friend of Alan = Eric       the parent of Brandy = Alan     the child of Alan = Brandy     \nthe enemy of Brandy = Carla  the friend of Brandy = Felicia  the parent of Eric = Carla      the child of Carla = Eric      \nthe enemy of Carla = Brandy  the friend of Carla = Donald    the parent of Felicia = Donald  the child of Donald = Felicia  \nthe enemy of Donald = Alan   the friend of Donald = Carla    \nthe enemy of Eric = Felicia  the friend of Eric = Alan       \nthe enemy of Felicia = Eric  the friend of Felicia = Brandy  \n\nHere is how to figure out the answer to the following question:\nWho is the friend of the enemy of Donald?\n\nHere are the steps to arrive at the answer:\n1. the enemy of Donald = Alan\n2. the friend of Alan = Eric\n\nSo the answer is Eric\n\nNow answer the following question:\nWho is the parent of the child of Carla? Please answer the question in the same format as the example. End with 'So the answer is [answer]'.",the parent of the child of Carla,Carla,1. the child of Carla = Eric  \n2. the parent of Eric = Carla  \n\nSo the answer is Carla,4.817249536514282,o3-mini,2025-03-14 11:24:30
english,extensional,3,R,0_fe2,"Imagine there are six people: Alan, Brandy, Carla, Donald, Eric and Felicia. They have the following relationships to each other:\n\n\nthe enemy of Alan = Donald   the friend of Alan = Eric       the parent of Brandy = Alan     the child of Alan = Brandy     \nthe enemy of Brandy = Carla  the friend of Brandy = Felicia  the parent of Eric = Carla      the child of Carla = Eric      \nthe enemy of Carla = Brandy  the friend of Carla = Donald    the parent of Felicia = Donald  the child of Donald = Felicia  \nthe enemy of Donald = Alan   the friend of Donald = Carla    \nthe enemy of Eric = Felicia  the friend of Eric = Alan       \nthe enemy of Felicia = Eric  the friend of Felicia = Brandy  \n\nHere is how to figure out the answer to the following question:\nWho is the friend of the enemy of Donald?\n\nHere are the steps to arrive at the answer:\n1. the enemy of Donald = Alan\n2. the friend of Alan = Eric\n\nSo the answer is Eric\n\nNow answer the following question:\nWho is the friend of the enemy of Felicia? Please answer the question in the same format as the example. End with 'So the answer is [answer]'.",the friend of the enemy of Felicia,Alan,1. the enemy of Felicia = Eric  \n2. the friend of Eric = Alan  \n\nSo the answer is Alan,12.155475616455078,o3-mini,2025-03-14 11:24:42
english,extensional,3,R,0_cf3,"Imagine there are six people: Alan, Brandy, Carla, Donald, Eric and Felicia. They have the following relationships to each other:\n\n\nthe enemy of Alan = Donald   the friend of Alan = Eric       the parent of Brandy = Alan     the child of Alan = Brandy     \nthe enemy of Brandy = Carla  the friend of Brandy = Felicia  the parent of Eric = Carla      the child of Carla = Eric      \nthe enemy of Carla = Brandy  the friend of Carla = Donald    the parent of Felicia = Donald  the child of Donald = Felicia  \nthe enemy of Donald = Alan   the friend of Donald = Carla    \nthe enemy of Eric = Felicia  the friend of Eric = Alan       \nthe enemy of Felicia = Eric  the friend of Felicia = Brandy  \n\nHere is how to figure out the answer to the following question:\nWho is the friend of the enemy of Donald?\n\nHere are the steps to arrive at the answer:\n1. the enemy of Donald = Alan\n2. the friend of Alan = Eric\n\nSo the answer is Eric\n\nNow answer the following question:\nWho is the child of the friend of Carla? Please answer the question in the same format as the example. End with 'So the answer is [answer]'.",the child of the friend of Carla,Felicia,1. the friend of Carla = Donald  \n2. the child of Donald = Felicia  \n\nSo the answer is Felicia,4.802273511886597,o3-mini,2025-03-14 11:24:47
english,extensional,3,R,0_ef0,"Imagine there are six people: Alan, Brandy, Carla, Donald, Eric and Felicia. They have the following relationships to each other:\n\n\nthe enemy of Alan = Donald   the friend of Alan = Eric       the parent of Brandy = Alan     the child of Alan = Brandy     \nthe enemy of Brandy = Carla  the friend of Brandy = Felicia  the parent of Eric = Carla      the child of Carla = Eric      \nthe enemy of Carla = Brandy  the friend of Carla = Donald    the parent of Felicia = Donald  the child of Donald = Felicia  \nthe enemy of Donald = Alan   the friend of Donald = Carla    \nthe enemy of Eric = Felicia  the friend of Eric = Alan       \nthe enemy of Felicia = Eric  the friend of Felicia = Brandy  \n\nHere is how to figure out the answer to the following question:\nWho is the friend of the enemy of Donald?\n\nHere are the steps to arrive at the answer:\n1. the enemy of Donald = Alan\n2. the friend of Alan = Eric\n\nSo the answer is Eric\n\nNow answer the following question:\nWho is the enemy of the friend of Brandy? Please answer the question in the same format as the example. End with 'So the answer is [answer]'.",the enemy of the friend of Brandy,Eric,1. The friend of Brandy = Felicia  \n2. The enemy of Felicia = Eric  \n\nSo the answer is Eric.,7.481642484664917,o3-mini,2025-03-14 11:24:54
english,extensional,3,R,0_fe4,"Imagine there are six people: Alan, Brandy, Carla, Donald, Eric and Felicia. They have the following relationships to each other:\n\n\nthe enemy of Alan = Donald   the friend of Alan = Eric       the parent of Brandy = Alan     the child of Alan = Brandy     \nthe enemy of Brandy = Carla  the friend of Brandy = Felicia  the parent of Eric = Carla      the child of Carla = Eric      \nthe enemy of Carla = Brandy  the friend of Carla = Donald    the parent of Felicia = Donald  the child of Donald = Felicia  \nthe enemy of Donald = Alan   the friend of Donald = Carla    \nthe enemy of Eric = Felicia  the friend of Eric = Alan       \nthe enemy of Felicia = Eric  the friend of Felicia = Brandy  \n\nHere is how to figure out the answer to the following question:\nWho is the friend of the enemy of Donald?\n\nHere are the steps to arrive at the answer:\n1. the enemy of Donald = Alan\n2. the friend of Alan = Eric\n\nSo the answer is Eric\n\nNow answer the following question:\nWho is the friend of the enemy of Alan? Please answer the question in the same format as the example. End with 'So the answer is [answer]'.",the friend of the enemy of Alan,Carla,1. the enemy of Alan = Donald  \n2. the friend of Donald = Carla  \n\nSo the answer is Carla,7.500523328781128,o3-mini,2025-03-14 11:25:02
english,extensional,3,R,0_ef5,"Imagine there are six people: Alan, Brandy, Carla, Donald, Eric and Felicia. They have the following relationships to each other:\n\n\nthe enemy of Alan = Donald   the friend of Alan = Eric       the parent of Brandy = Alan     the child of Alan = Brandy     \nthe enemy of Brandy = Carla  the friend of Brandy = Felicia  the parent of Eric = Carla      the child of Carla = Eric      \nthe enemy of Carla = Brandy  the friend of Carla = Donald    the parent of Felicia = Donald  the child of Donald = Felicia  \nthe enemy of Donald = Alan   the friend of Donald = Carla    \nthe enemy of Eric = Felicia  the friend of Eric = Alan       \nthe enemy of Felicia = Eric  the friend of Felicia = Brandy  \n\nHere is how to figure out the answer to the following question:\nWho is the friend of the enemy of Donald?\n\nHere are the steps to arrive at the answer:\n1. the enemy of Donald = Alan\n2. the friend of Alan = Eric\n\nSo the answer is Eric\n\nNow answer the following question:\nWho is the enemy of the friend of Donald? Please answer the question in the same format as the example. End with 'So the answer is [answer]'.",the enemy of the friend of Donald,Brandy,1. the friend of Donald = Carla  \n2. the enemy of Carla = Brandy  \n\nSo the answer is Brandy.,4.5692138671875,o3-mini,2025-03-14 11:25:06
english,extensional,3,R,0_ee1,"Imagine there are six people: Alan, Brandy, Carla, Donald, Eric and Felicia. They have the following relationships to each other:\n\n\nthe enemy of Alan = Donald   the friend of Alan = Eric       the parent of Brandy = Alan     the child of Alan = Brandy     \nthe enemy of Brandy = Carla  the friend of Brandy = Felicia  the parent of Eric = Carla      the child of Carla = Eric      \nthe enemy of Carla = Brandy  the friend of Carla = Donald    the parent of Felicia = Donald  the child of Donald = Felicia  \nthe enemy of Donald = Alan   the friend of Donald = Carla    \nthe enemy of Eric = Felicia  the friend of Eric = Alan       \nthe enemy of Felicia = Eric  the friend of Felicia = Brandy  \n\nHere is how to figure out the answer to the following question:\nWho is the friend of the enemy of Donald?\n\nHere are the steps to arrive at the answer:\n1. the enemy of Donald = Alan\n2. the friend of Alan = Eric\n\nSo the answer is Eric\n\nNow answer the following question:\nWho is the enemy of the enemy of Eric? Please answer the question in the same format as the example. End with 'So the answer is [answer]'.",the enemy of the enemy of Eric,Eric,1. the enemy of Eric = Felicia  \n2. the enemy of Felicia = Eric  \n\nSo the answer is Eric,6.988811254501343,o3-mini,2025-03-14 11:25:13
english,extensional,3,R,0_ee2,"Imagine there are six people: Alan, Brandy, Carla, Donald, Eric and Felicia. They have the following relationships to each other:\n\n\nthe enemy of Alan = Donald   the friend of Alan = Eric       the parent of Brandy = Alan     the child of Alan = Brandy     \nthe enemy of Brandy = Carla  the friend of Brandy = Felicia  the parent of Eric = Carla      the child of Carla = Eric      \nthe enemy of Carla = Brandy  the friend of Carla = Donald    the parent of Felicia = Donald  the child of Donald = Felicia  \nthe enemy of Donald = Alan   the friend of Donald = Carla    \nthe enemy of Eric = Felicia  the friend of Eric = Alan       \nthe enemy of Felicia = Eric  the friend of Felicia = Brandy  \n\nHere is how to figure out the answer to the following question:\nWho is the friend of the enemy of Donald?\n\nHere are the steps to arrive at the answer:\n1. the enemy of Donald = Alan\n2. the friend of Alan = Eric\n\nSo the answer is Eric\n\nNow answer the following question:\nWho is the enemy of the enemy of Felicia? Please answer the question in the same format as the example. End with 'So the answer is [answer]'.",the enemy of the enemy of Felicia,Felicia,1. the enemy of Felicia = Eric  \n2. the enemy of Eric = Felicia  \n\nSo the answer is Felicia,7.25971245765686,o3-mini,2025-03-14 11:25:21
english,extensional,3,R,0_fc5,"Imagine there are six people: Alan, Brandy, Carla, Donald, Eric and Felicia. They have the following relationships to each other:\n\n\nthe enemy of Alan = Donald   the friend of Alan = Eric       the parent of Brandy = Alan     the child of Alan = Brandy     \nthe enemy of Brandy = Carla  the friend of Brandy = Felicia  the parent of Eric = Carla      the child of Carla = Eric      \nthe enemy of Carla = Brandy  the friend of Carla = Donald    the parent of Felicia = Donald  the child of Donald = Felicia  \nthe enemy of Donald = Alan   the friend of Donald = Carla    \nthe enemy of Eric = Felicia  the friend of Eric = Alan       \nthe enemy of Felicia = Eric  the friend of Felicia = Brandy  \n\nHere is how to figure out the answer to the following question:\nWho is the friend of the enemy of Donald?\n\nHere are the steps to arrive at the answer:\n1. the enemy of Donald = Alan\n2. the friend of Alan = Eric\n\nSo the answer is Eric\n\nNow answer the following question:\nWho is the friend of the child of Donald? Please answer the question in the same format as the example. End with 'So the answer is [answer]'.",the friend of the child of Donald,Brandy,1. the child of Donald = Felicia  \n2. the friend of Felicia = Brandy  \n\nSo the answer is Brandy,8.490181684494019,o3-mini,2025-03-14 11:25:29
