Complexity,Branching,Approach,Representation,questionId,prompt_1,prompt_2,Question,Answer,options,question_universe
2,L,SemanticApproach.INTENSIONAL,Representation.ABSTRACT,0_L_p4,English phrases can be translated into formulae. Use the following translations to answer the question.;;;;,";;;;Here is an example of how to get a formula for a phrase.;;What is the formula for ""Chad's enemy's friend""?;;;;Here are the steps to arrive at the answer:;;1. Chad's enemy = t(k);;2. Chad's enemy's friend = l(t(k));;;;So the answer is l(t(k));;;;What is the formula for ""Erin's parent""?",Erin's parent,d(s),k;;q;;r;;s;;v;;w,Autumn = w  Daniel's friend = l(q)  ;;Brooke = r  Brooke's friend = l(r)  ;;Chad = k    Frank's enemy = t(v)    ;;Daniel = q  Chad's enemy = t(k)     ;;Erin = s    Erin's parent = d(s)    ;;Frank = v   Autumn's child = h(w)   
2,L,SemanticApproach.INTENSIONAL,Representation.ABSTRACT,0_L_p4,English phrases can be translated into formulae. Use the following translations to answer the question.;;;;,";;;;Here is an example of how to get a formula for a phrase.;;What is the formula for ""Chad's enemy's friend""?;;;;Here are the steps to arrive at the answer:;;1. Chad's enemy = t(k);;2. Chad's enemy's friend = l(t(k));;;;So the answer is l(t(k));;;;What is the formula for ""Erin's parent""?",Erin's parent,d(s),k;;q;;r;;s;;v;;w,Autumn = w  Daniel's friend = l(q)  ;;Brooke = r  Brooke's friend = l(r)  ;;Chad = k    Frank's enemy = t(v)    ;;Daniel = q  Chad's enemy = t(k)     ;;Erin = s    Erin's parent = d(s)    ;;Frank = v   Autumn's child = h(w)   
2,L,SemanticApproach.INTENSIONAL,Representation.ABSTRACT,0_L_p4,English phrases can be translated into formulae. Use the following translations to answer the question.;;;;,";;;;Here is an example of how to get a formula for a phrase.;;What is the formula for ""Chad's enemy's friend""?;;;;Here are the steps to arrive at the answer:;;1. Chad's enemy = t(k);;2. Chad's enemy's friend = l(t(k));;;;So the answer is l(t(k));;;;What is the formula for ""Erin's parent""?",Erin's parent,d(s),k;;q;;r;;s;;v;;w,Autumn = w  Daniel's friend = l(q)  ;;Brooke = r  Brooke's friend = l(r)  ;;Chad = k    Frank's enemy = t(v)    ;;Daniel = q  Chad's enemy = t(k)     ;;Erin = s    Erin's parent = d(s)    ;;Frank = v   Autumn's child = h(w)   
2,L,SemanticApproach.INTENSIONAL,Representation.ABSTRACT,0_L_p4,English phrases can be translated into formulae. Use the following translations to answer the question.;;;;,";;;;Here is an example of how to get a formula for a phrase.;;What is the formula for ""Chad's enemy's friend""?;;;;Here are the steps to arrive at the answer:;;1. Chad's enemy = t(k);;2. Chad's enemy's friend = l(t(k));;;;So the answer is l(t(k));;;;What is the formula for ""Erin's parent""?",Erin's parent,d(s),k;;q;;r;;s;;v;;w,Autumn = w  Daniel's friend = l(q)  ;;Brooke = r  Brooke's friend = l(r)  ;;Chad = k    Frank's enemy = t(v)    ;;Daniel = q  Chad's enemy = t(k)     ;;Erin = s    Erin's parent = d(s)    ;;Frank = v   Autumn's child = h(w)   
2,L,SemanticApproach.INTENSIONAL,Representation.ABSTRACT,0_L_c5,English phrases can be translated into formulae. Use the following translations to answer the question.;;;;,";;;;Here is an example of how to get a formula for a phrase.;;What is the formula for ""Chad's enemy's friend""?;;;;Here are the steps to arrive at the answer:;;1. Chad's enemy = t(k);;2. Chad's enemy's friend = l(t(k));;;;So the answer is l(t(k));;;;What is the formula for ""Autumn's child""?",Autumn's child,h(w),k;;q;;r;;s;;v;;w,Autumn = w  Daniel's friend = l(q)  ;;Brooke = r  Brooke's friend = l(r)  ;;Chad = k    Frank's enemy = t(v)    ;;Daniel = q  Chad's enemy = t(k)     ;;Erin = s    Erin's parent = d(s)    ;;Frank = v   Autumn's child = h(w)   
2,L,SemanticApproach.INTENSIONAL,Representation.ABSTRACT,0_L_c5,English phrases can be translated into formulae. Use the following translations to answer the question.;;;;,";;;;Here is an example of how to get a formula for a phrase.;;What is the formula for ""Chad's enemy's friend""?;;;;Here are the steps to arrive at the answer:;;1. Chad's enemy = t(k);;2. Chad's enemy's friend = l(t(k));;;;So the answer is l(t(k));;;;What is the formula for ""Autumn's child""?",Autumn's child,h(w),k;;q;;r;;s;;v;;w,Autumn = w  Daniel's friend = l(q)  ;;Brooke = r  Brooke's friend = l(r)  ;;Chad = k    Frank's enemy = t(v)    ;;Daniel = q  Chad's enemy = t(k)     ;;Erin = s    Erin's parent = d(s)    ;;Frank = v   Autumn's child = h(w)   
2,L,SemanticApproach.INTENSIONAL,Representation.ABSTRACT,0_L_c5,English phrases can be translated into formulae. Use the following translations to answer the question.;;;;,";;;;Here is an example of how to get a formula for a phrase.;;What is the formula for ""Chad's enemy's friend""?;;;;Here are the steps to arrive at the answer:;;1. Chad's enemy = t(k);;2. Chad's enemy's friend = l(t(k));;;;So the answer is l(t(k));;;;What is the formula for ""Autumn's child""?",Autumn's child,h(w),k;;q;;r;;s;;v;;w,Autumn = w  Daniel's friend = l(q)  ;;Brooke = r  Brooke's friend = l(r)  ;;Chad = k    Frank's enemy = t(v)    ;;Daniel = q  Chad's enemy = t(k)     ;;Erin = s    Erin's parent = d(s)    ;;Frank = v   Autumn's child = h(w)   
2,L,SemanticApproach.INTENSIONAL,Representation.ABSTRACT,0_L_c5,English phrases can be translated into formulae. Use the following translations to answer the question.;;;;,";;;;Here is an example of how to get a formula for a phrase.;;What is the formula for ""Chad's enemy's friend""?;;;;Here are the steps to arrive at the answer:;;1. Chad's enemy = t(k);;2. Chad's enemy's friend = l(t(k));;;;So the answer is l(t(k));;;;What is the formula for ""Autumn's child""?",Autumn's child,h(w),k;;q;;r;;s;;v;;w,Autumn = w  Daniel's friend = l(q)  ;;Brooke = r  Brooke's friend = l(r)  ;;Chad = k    Frank's enemy = t(v)    ;;Daniel = q  Chad's enemy = t(k)     ;;Erin = s    Erin's parent = d(s)    ;;Frank = v   Autumn's child = h(w)   
2,L,SemanticApproach.INTENSIONAL,Representation.ABSTRACT,0_L_f0,English phrases can be translated into formulae. Use the following translations to answer the question.;;;;,";;;;Here is an example of how to get a formula for a phrase.;;What is the formula for ""Chad's enemy's friend""?;;;;Here are the steps to arrive at the answer:;;1. Chad's enemy = t(k);;2. Chad's enemy's friend = l(t(k));;;;So the answer is l(t(k));;;;What is the formula for ""Daniel's friend""?",Daniel's friend,l(q),k;;q;;r;;s;;v;;w,Autumn = w  Daniel's friend = l(q)  ;;Brooke = r  Brooke's friend = l(r)  ;;Chad = k    Frank's enemy = t(v)    ;;Daniel = q  Chad's enemy = t(k)     ;;Erin = s    Erin's parent = d(s)    ;;Frank = v   Autumn's child = h(w)   
2,L,SemanticApproach.INTENSIONAL,Representation.ABSTRACT,0_L_f0,English phrases can be translated into formulae. Use the following translations to answer the question.;;;;,";;;;Here is an example of how to get a formula for a phrase.;;What is the formula for ""Chad's enemy's friend""?;;;;Here are the steps to arrive at the answer:;;1. Chad's enemy = t(k);;2. Chad's enemy's friend = l(t(k));;;;So the answer is l(t(k));;;;What is the formula for ""Daniel's friend""?",Daniel's friend,l(q),k;;q;;r;;s;;v;;w,Autumn = w  Daniel's friend = l(q)  ;;Brooke = r  Brooke's friend = l(r)  ;;Chad = k    Frank's enemy = t(v)    ;;Daniel = q  Chad's enemy = t(k)     ;;Erin = s    Erin's parent = d(s)    ;;Frank = v   Autumn's child = h(w)   
2,L,SemanticApproach.INTENSIONAL,Representation.ABSTRACT,0_L_f0,English phrases can be translated into formulae. Use the following translations to answer the question.;;;;,";;;;Here is an example of how to get a formula for a phrase.;;What is the formula for ""Chad's enemy's friend""?;;;;Here are the steps to arrive at the answer:;;1. Chad's enemy = t(k);;2. Chad's enemy's friend = l(t(k));;;;So the answer is l(t(k));;;;What is the formula for ""Daniel's friend""?",Daniel's friend,l(q),k;;q;;r;;s;;v;;w,Autumn = w  Daniel's friend = l(q)  ;;Brooke = r  Brooke's friend = l(r)  ;;Chad = k    Frank's enemy = t(v)    ;;Daniel = q  Chad's enemy = t(k)     ;;Erin = s    Erin's parent = d(s)    ;;Frank = v   Autumn's child = h(w)   
2,L,SemanticApproach.INTENSIONAL,Representation.ABSTRACT,0_L_f0,English phrases can be translated into formulae. Use the following translations to answer the question.;;;;,";;;;Here is an example of how to get a formula for a phrase.;;What is the formula for ""Chad's enemy's friend""?;;;;Here are the steps to arrive at the answer:;;1. Chad's enemy = t(k);;2. Chad's enemy's friend = l(t(k));;;;So the answer is l(t(k));;;;What is the formula for ""Daniel's friend""?",Daniel's friend,l(q),k;;q;;r;;s;;v;;w,Autumn = w  Daniel's friend = l(q)  ;;Brooke = r  Brooke's friend = l(r)  ;;Chad = k    Frank's enemy = t(v)    ;;Daniel = q  Chad's enemy = t(k)     ;;Erin = s    Erin's parent = d(s)    ;;Frank = v   Autumn's child = h(w)   
2,L,SemanticApproach.INTENSIONAL,Representation.ABSTRACT,0_L_e2,English phrases can be translated into formulae. Use the following translations to answer the question.;;;;,";;;;Here is an example of how to get a formula for a phrase.;;What is the formula for ""Chad's enemy's friend""?;;;;Here are the steps to arrive at the answer:;;1. Chad's enemy = t(k);;2. Chad's enemy's friend = l(t(k));;;;So the answer is l(t(k));;;;What is the formula for ""Frank's enemy""?",Frank's enemy,t(v),k;;q;;r;;s;;v;;w,Autumn = w  Daniel's friend = l(q)  ;;Brooke = r  Brooke's friend = l(r)  ;;Chad = k    Frank's enemy = t(v)    ;;Daniel = q  Chad's enemy = t(k)     ;;Erin = s    Erin's parent = d(s)    ;;Frank = v   Autumn's child = h(w)   
2,L,SemanticApproach.INTENSIONAL,Representation.ABSTRACT,0_L_e2,English phrases can be translated into formulae. Use the following translations to answer the question.;;;;,";;;;Here is an example of how to get a formula for a phrase.;;What is the formula for ""Chad's enemy's friend""?;;;;Here are the steps to arrive at the answer:;;1. Chad's enemy = t(k);;2. Chad's enemy's friend = l(t(k));;;;So the answer is l(t(k));;;;What is the formula for ""Frank's enemy""?",Frank's enemy,t(v),k;;q;;r;;s;;v;;w,Autumn = w  Daniel's friend = l(q)  ;;Brooke = r  Brooke's friend = l(r)  ;;Chad = k    Frank's enemy = t(v)    ;;Daniel = q  Chad's enemy = t(k)     ;;Erin = s    Erin's parent = d(s)    ;;Frank = v   Autumn's child = h(w)   
2,L,SemanticApproach.INTENSIONAL,Representation.ABSTRACT,0_L_e2,English phrases can be translated into formulae. Use the following translations to answer the question.;;;;,";;;;Here is an example of how to get a formula for a phrase.;;What is the formula for ""Chad's enemy's friend""?;;;;Here are the steps to arrive at the answer:;;1. Chad's enemy = t(k);;2. Chad's enemy's friend = l(t(k));;;;So the answer is l(t(k));;;;What is the formula for ""Frank's enemy""?",Frank's enemy,t(v),k;;q;;r;;s;;v;;w,Autumn = w  Daniel's friend = l(q)  ;;Brooke = r  Brooke's friend = l(r)  ;;Chad = k    Frank's enemy = t(v)    ;;Daniel = q  Chad's enemy = t(k)     ;;Erin = s    Erin's parent = d(s)    ;;Frank = v   Autumn's child = h(w)   
2,L,SemanticApproach.INTENSIONAL,Representation.ABSTRACT,0_L_e2,English phrases can be translated into formulae. Use the following translations to answer the question.;;;;,";;;;Here is an example of how to get a formula for a phrase.;;What is the formula for ""Chad's enemy's friend""?;;;;Here are the steps to arrive at the answer:;;1. Chad's enemy = t(k);;2. Chad's enemy's friend = l(t(k));;;;So the answer is l(t(k));;;;What is the formula for ""Frank's enemy""?",Frank's enemy,t(v),k;;q;;r;;s;;v;;w,Autumn = w  Daniel's friend = l(q)  ;;Brooke = r  Brooke's friend = l(r)  ;;Chad = k    Frank's enemy = t(v)    ;;Daniel = q  Chad's enemy = t(k)     ;;Erin = s    Erin's parent = d(s)    ;;Frank = v   Autumn's child = h(w)   
2,L,SemanticApproach.INTENSIONAL,Representation.ABSTRACT,0_L_f1,English phrases can be translated into formulae. Use the following translations to answer the question.;;;;,";;;;Here is an example of how to get a formula for a phrase.;;What is the formula for ""Chad's enemy's friend""?;;;;Here are the steps to arrive at the answer:;;1. Chad's enemy = t(k);;2. Chad's enemy's friend = l(t(k));;;;So the answer is l(t(k));;;;What is the formula for ""Brooke's friend""?",Brooke's friend,l(r),k;;q;;r;;s;;v;;w,Autumn = w  Daniel's friend = l(q)  ;;Brooke = r  Brooke's friend = l(r)  ;;Chad = k    Frank's enemy = t(v)    ;;Daniel = q  Chad's enemy = t(k)     ;;Erin = s    Erin's parent = d(s)    ;;Frank = v   Autumn's child = h(w)   
2,L,SemanticApproach.INTENSIONAL,Representation.ABSTRACT,0_L_f1,English phrases can be translated into formulae. Use the following translations to answer the question.;;;;,";;;;Here is an example of how to get a formula for a phrase.;;What is the formula for ""Chad's enemy's friend""?;;;;Here are the steps to arrive at the answer:;;1. Chad's enemy = t(k);;2. Chad's enemy's friend = l(t(k));;;;So the answer is l(t(k));;;;What is the formula for ""Brooke's friend""?",Brooke's friend,l(r),k;;q;;r;;s;;v;;w,Autumn = w  Daniel's friend = l(q)  ;;Brooke = r  Brooke's friend = l(r)  ;;Chad = k    Frank's enemy = t(v)    ;;Daniel = q  Chad's enemy = t(k)     ;;Erin = s    Erin's parent = d(s)    ;;Frank = v   Autumn's child = h(w)   
2,L,SemanticApproach.INTENSIONAL,Representation.ABSTRACT,0_L_f1,English phrases can be translated into formulae. Use the following translations to answer the question.;;;;,";;;;Here is an example of how to get a formula for a phrase.;;What is the formula for ""Chad's enemy's friend""?;;;;Here are the steps to arrive at the answer:;;1. Chad's enemy = t(k);;2. Chad's enemy's friend = l(t(k));;;;So the answer is l(t(k));;;;What is the formula for ""Brooke's friend""?",Brooke's friend,l(r),k;;q;;r;;s;;v;;w,Autumn = w  Daniel's friend = l(q)  ;;Brooke = r  Brooke's friend = l(r)  ;;Chad = k    Frank's enemy = t(v)    ;;Daniel = q  Chad's enemy = t(k)     ;;Erin = s    Erin's parent = d(s)    ;;Frank = v   Autumn's child = h(w)   
2,L,SemanticApproach.INTENSIONAL,Representation.ABSTRACT,0_L_f1,English phrases can be translated into formulae. Use the following translations to answer the question.;;;;,";;;;Here is an example of how to get a formula for a phrase.;;What is the formula for ""Chad's enemy's friend""?;;;;Here are the steps to arrive at the answer:;;1. Chad's enemy = t(k);;2. Chad's enemy's friend = l(t(k));;;;So the answer is l(t(k));;;;What is the formula for ""Brooke's friend""?",Brooke's friend,l(r),k;;q;;r;;s;;v;;w,Autumn = w  Daniel's friend = l(q)  ;;Brooke = r  Brooke's friend = l(r)  ;;Chad = k    Frank's enemy = t(v)    ;;Daniel = q  Chad's enemy = t(k)     ;;Erin = s    Erin's parent = d(s)    ;;Frank = v   Autumn's child = h(w)   
4,L,SemanticApproach.INTENSIONAL,Representation.ABSTRACT,0_L_cfc5,English phrases can be translated into formulae. Use the following translations to answer the question.;;;;,";;;;Here is an example of how to get a formula for a phrase.;;What is the formula for ""Chad's enemy's friend""?;;;;Here are the steps to arrive at the answer:;;1. Chad's enemy = t(k);;2. Chad's enemy's friend = l(t(k));;;;So the answer is l(t(k));;;;What is the formula for ""Autumn's child's friend's child""?",Autumn's child's friend's child,h(l(h(w))),k;;q;;r;;s;;v;;w,Autumn = w  Daniel's friend = l(q)  ;;Brooke = r  Brooke's friend = l(r)  ;;Chad = k    Frank's enemy = t(v)    ;;Daniel = q  Chad's enemy = t(k)     ;;Erin = s    Erin's parent = d(s)    ;;Frank = v   Autumn's child = h(w)   
4,L,SemanticApproach.INTENSIONAL,Representation.ABSTRACT,0_L_eff4,English phrases can be translated into formulae. Use the following translations to answer the question.;;;;,";;;;Here is an example of how to get a formula for a phrase.;;What is the formula for ""Chad's enemy's friend""?;;;;Here are the steps to arrive at the answer:;;1. Chad's enemy = t(k);;2. Chad's enemy's friend = l(t(k));;;;So the answer is l(t(k));;;;What is the formula for ""Erin's friend's friend's enemy""?",Erin's friend's friend's enemy,t(l(l(s))),k;;q;;r;;s;;v;;w,Autumn = w  Daniel's friend = l(q)  ;;Brooke = r  Brooke's friend = l(r)  ;;Chad = k    Frank's enemy = t(v)    ;;Daniel = q  Chad's enemy = t(k)     ;;Erin = s    Erin's parent = d(s)    ;;Frank = v   Autumn's child = h(w)   
4,L,SemanticApproach.INTENSIONAL,Representation.ABSTRACT,0_L_pff4,English phrases can be translated into formulae. Use the following translations to answer the question.;;;;,";;;;Here is an example of how to get a formula for a phrase.;;What is the formula for ""Chad's enemy's friend""?;;;;Here are the steps to arrive at the answer:;;1. Chad's enemy = t(k);;2. Chad's enemy's friend = l(t(k));;;;So the answer is l(t(k));;;;What is the formula for ""Erin's friend's friend's parent""?",Erin's friend's friend's parent,d(l(l(s))),k;;q;;r;;s;;v;;w,Autumn = w  Daniel's friend = l(q)  ;;Brooke = r  Brooke's friend = l(r)  ;;Chad = k    Frank's enemy = t(v)    ;;Daniel = q  Chad's enemy = t(k)     ;;Erin = s    Erin's parent = d(s)    ;;Frank = v   Autumn's child = h(w)   
4,L,SemanticApproach.INTENSIONAL,Representation.ABSTRACT,0_L_cfe2,English phrases can be translated into formulae. Use the following translations to answer the question.;;;;,";;;;Here is an example of how to get a formula for a phrase.;;What is the formula for ""Chad's enemy's friend""?;;;;Here are the steps to arrive at the answer:;;1. Chad's enemy = t(k);;2. Chad's enemy's friend = l(t(k));;;;So the answer is l(t(k));;;;What is the formula for ""Frank's enemy's friend's child""?",Frank's enemy's friend's child,h(l(t(v))),k;;q;;r;;s;;v;;w,Autumn = w  Daniel's friend = l(q)  ;;Brooke = r  Brooke's friend = l(r)  ;;Chad = k    Frank's enemy = t(v)    ;;Daniel = q  Chad's enemy = t(k)     ;;Erin = s    Erin's parent = d(s)    ;;Frank = v   Autumn's child = h(w)   
4,L,SemanticApproach.INTENSIONAL,Representation.ABSTRACT,0_L_eec5,English phrases can be translated into formulae. Use the following translations to answer the question.;;;;,";;;;Here is an example of how to get a formula for a phrase.;;What is the formula for ""Chad's enemy's friend""?;;;;Here are the steps to arrive at the answer:;;1. Chad's enemy = t(k);;2. Chad's enemy's friend = l(t(k));;;;So the answer is l(t(k));;;;What is the formula for ""Autumn's child's enemy's enemy""?",Autumn's child's enemy's enemy,t(t(h(w))),k;;q;;r;;s;;v;;w,Autumn = w  Daniel's friend = l(q)  ;;Brooke = r  Brooke's friend = l(r)  ;;Chad = k    Frank's enemy = t(v)    ;;Daniel = q  Chad's enemy = t(k)     ;;Erin = s    Erin's parent = d(s)    ;;Frank = v   Autumn's child = h(w)   
4,L,SemanticApproach.INTENSIONAL,Representation.ABSTRACT,0_L_fef1,English phrases can be translated into formulae. Use the following translations to answer the question.;;;;,";;;;Here is an example of how to get a formula for a phrase.;;What is the formula for ""Chad's enemy's friend""?;;;;Here are the steps to arrive at the answer:;;1. Chad's enemy = t(k);;2. Chad's enemy's friend = l(t(k));;;;So the answer is l(t(k));;;;What is the formula for ""Brooke's friend's enemy's friend""?",Brooke's friend's enemy's friend,l(t(l(r))),k;;q;;r;;s;;v;;w,Autumn = w  Daniel's friend = l(q)  ;;Brooke = r  Brooke's friend = l(r)  ;;Chad = k    Frank's enemy = t(v)    ;;Daniel = q  Chad's enemy = t(k)     ;;Erin = s    Erin's parent = d(s)    ;;Frank = v   Autumn's child = h(w)   
4,L,SemanticApproach.INTENSIONAL,Representation.ABSTRACT,0_L_fcp2,English phrases can be translated into formulae. Use the following translations to answer the question.;;;;,";;;;Here is an example of how to get a formula for a phrase.;;What is the formula for ""Chad's enemy's friend""?;;;;Here are the steps to arrive at the answer:;;1. Chad's enemy = t(k);;2. Chad's enemy's friend = l(t(k));;;;So the answer is l(t(k));;;;What is the formula for ""Frank's parent's child's friend""?",Frank's parent's child's friend,l(h(d(v))),k;;q;;r;;s;;v;;w,Autumn = w  Daniel's friend = l(q)  ;;Brooke = r  Brooke's friend = l(r)  ;;Chad = k    Frank's enemy = t(v)    ;;Daniel = q  Chad's enemy = t(k)     ;;Erin = s    Erin's parent = d(s)    ;;Frank = v   Autumn's child = h(w)   
4,L,SemanticApproach.INTENSIONAL,Representation.ABSTRACT,0_L_fep4,English phrases can be translated into formulae. Use the following translations to answer the question.;;;;,";;;;Here is an example of how to get a formula for a phrase.;;What is the formula for ""Chad's enemy's friend""?;;;;Here are the steps to arrive at the answer:;;1. Chad's enemy = t(k);;2. Chad's enemy's friend = l(t(k));;;;So the answer is l(t(k));;;;What is the formula for ""Erin's parent's enemy's friend""?",Erin's parent's enemy's friend,l(t(d(s))),k;;q;;r;;s;;v;;w,Autumn = w  Daniel's friend = l(q)  ;;Brooke = r  Brooke's friend = l(r)  ;;Chad = k    Frank's enemy = t(v)    ;;Daniel = q  Chad's enemy = t(k)     ;;Erin = s    Erin's parent = d(s)    ;;Frank = v   Autumn's child = h(w)   
4,L,SemanticApproach.INTENSIONAL,Representation.ABSTRACT,0_L_efe1,English phrases can be translated into formulae. Use the following translations to answer the question.;;;;,";;;;Here is an example of how to get a formula for a phrase.;;What is the formula for ""Chad's enemy's friend""?;;;;Here are the steps to arrive at the answer:;;1. Chad's enemy = t(k);;2. Chad's enemy's friend = l(t(k));;;;So the answer is l(t(k));;;;What is the formula for ""Brooke's enemy's friend's enemy""?",Brooke's enemy's friend's enemy,t(l(t(r))),k;;q;;r;;s;;v;;w,Autumn = w  Daniel's friend = l(q)  ;;Brooke = r  Brooke's friend = l(r)  ;;Chad = k    Frank's enemy = t(v)    ;;Daniel = q  Chad's enemy = t(k)     ;;Erin = s    Erin's parent = d(s)    ;;Frank = v   Autumn's child = h(w)   
4,L,SemanticApproach.INTENSIONAL,Representation.ABSTRACT,0_L_fpf2,English phrases can be translated into formulae. Use the following translations to answer the question.;;;;,";;;;Here is an example of how to get a formula for a phrase.;;What is the formula for ""Chad's enemy's friend""?;;;;Here are the steps to arrive at the answer:;;1. Chad's enemy = t(k);;2. Chad's enemy's friend = l(t(k));;;;So the answer is l(t(k));;;;What is the formula for ""Frank's friend's parent's friend""?",Frank's friend's parent's friend,l(d(l(v))),k;;q;;r;;s;;v;;w,Autumn = w  Daniel's friend = l(q)  ;;Brooke = r  Brooke's friend = l(r)  ;;Chad = k    Frank's enemy = t(v)    ;;Daniel = q  Chad's enemy = t(k)     ;;Erin = s    Erin's parent = d(s)    ;;Frank = v   Autumn's child = h(w)   
4,L,SemanticApproach.INTENSIONAL,Representation.ABSTRACT,0_L_cpf1,English phrases can be translated into formulae. Use the following translations to answer the question.;;;;,";;;;Here is an example of how to get a formula for a phrase.;;What is the formula for ""Chad's enemy's friend""?;;;;Here are the steps to arrive at the answer:;;1. Chad's enemy = t(k);;2. Chad's enemy's friend = l(t(k));;;;So the answer is l(t(k));;;;What is the formula for ""Brooke's friend's parent's child""?",Brooke's friend's parent's child,h(d(l(r))),k;;q;;r;;s;;v;;w,Autumn = w  Daniel's friend = l(q)  ;;Brooke = r  Brooke's friend = l(r)  ;;Chad = k    Frank's enemy = t(v)    ;;Daniel = q  Chad's enemy = t(k)     ;;Erin = s    Erin's parent = d(s)    ;;Frank = v   Autumn's child = h(w)   
4,L,SemanticApproach.INTENSIONAL,Representation.ABSTRACT,0_L_fcf3,English phrases can be translated into formulae. Use the following translations to answer the question.;;;;,";;;;Here is an example of how to get a formula for a phrase.;;What is the formula for ""Chad's enemy's friend""?;;;;Here are the steps to arrive at the answer:;;1. Chad's enemy = t(k);;2. Chad's enemy's friend = l(t(k));;;;So the answer is l(t(k));;;;What is the formula for ""Chad's friend's child's friend""?",Chad's friend's child's friend,l(h(l(k))),k;;q;;r;;s;;v;;w,Autumn = w  Daniel's friend = l(q)  ;;Brooke = r  Brooke's friend = l(r)  ;;Chad = k    Frank's enemy = t(v)    ;;Daniel = q  Chad's enemy = t(k)     ;;Erin = s    Erin's parent = d(s)    ;;Frank = v   Autumn's child = h(w)   
4,L,SemanticApproach.INTENSIONAL,Representation.ABSTRACT,0_L_pec1,English phrases can be translated into formulae. Use the following translations to answer the question.;;;;,";;;;Here is an example of how to get a formula for a phrase.;;What is the formula for ""Chad's enemy's friend""?;;;;Here are the steps to arrive at the answer:;;1. Chad's enemy = t(k);;2. Chad's enemy's friend = l(t(k));;;;So the answer is l(t(k));;;;What is the formula for ""Brooke's child's enemy's parent""?",Brooke's child's enemy's parent,d(t(h(r))),k;;q;;r;;s;;v;;w,Autumn = w  Daniel's friend = l(q)  ;;Brooke = r  Brooke's friend = l(r)  ;;Chad = k    Frank's enemy = t(v)    ;;Daniel = q  Chad's enemy = t(k)     ;;Erin = s    Erin's parent = d(s)    ;;Frank = v   Autumn's child = h(w)   
4,L,SemanticApproach.INTENSIONAL,Representation.ABSTRACT,0_L_pfc1,English phrases can be translated into formulae. Use the following translations to answer the question.;;;;,";;;;Here is an example of how to get a formula for a phrase.;;What is the formula for ""Chad's enemy's friend""?;;;;Here are the steps to arrive at the answer:;;1. Chad's enemy = t(k);;2. Chad's enemy's friend = l(t(k));;;;So the answer is l(t(k));;;;What is the formula for ""Brooke's child's friend's parent""?",Brooke's child's friend's parent,d(l(h(r))),k;;q;;r;;s;;v;;w,Autumn = w  Daniel's friend = l(q)  ;;Brooke = r  Brooke's friend = l(r)  ;;Chad = k    Frank's enemy = t(v)    ;;Daniel = q  Chad's enemy = t(k)     ;;Erin = s    Erin's parent = d(s)    ;;Frank = v   Autumn's child = h(w)   
4,L,SemanticApproach.INTENSIONAL,Representation.ABSTRACT,0_L_fpe5,English phrases can be translated into formulae. Use the following translations to answer the question.;;;;,";;;;Here is an example of how to get a formula for a phrase.;;What is the formula for ""Chad's enemy's friend""?;;;;Here are the steps to arrive at the answer:;;1. Chad's enemy = t(k);;2. Chad's enemy's friend = l(t(k));;;;So the answer is l(t(k));;;;What is the formula for ""Autumn's enemy's parent's friend""?",Autumn's enemy's parent's friend,l(d(t(w))),k;;q;;r;;s;;v;;w,Autumn = w  Daniel's friend = l(q)  ;;Brooke = r  Brooke's friend = l(r)  ;;Chad = k    Frank's enemy = t(v)    ;;Daniel = q  Chad's enemy = t(k)     ;;Erin = s    Erin's parent = d(s)    ;;Frank = v   Autumn's child = h(w)   
4,L,SemanticApproach.INTENSIONAL,Representation.ABSTRACT,0_L_fep2,English phrases can be translated into formulae. Use the following translations to answer the question.;;;;,";;;;Here is an example of how to get a formula for a phrase.;;What is the formula for ""Chad's enemy's friend""?;;;;Here are the steps to arrive at the answer:;;1. Chad's enemy = t(k);;2. Chad's enemy's friend = l(t(k));;;;So the answer is l(t(k));;;;What is the formula for ""Frank's parent's enemy's friend""?",Frank's parent's enemy's friend,l(t(d(v))),k;;q;;r;;s;;v;;w,Autumn = w  Daniel's friend = l(q)  ;;Brooke = r  Brooke's friend = l(r)  ;;Chad = k    Frank's enemy = t(v)    ;;Daniel = q  Chad's enemy = t(k)     ;;Erin = s    Erin's parent = d(s)    ;;Frank = v   Autumn's child = h(w)   
4,L,SemanticApproach.INTENSIONAL,Representation.ABSTRACT,0_L_cpe2,English phrases can be translated into formulae. Use the following translations to answer the question.;;;;,";;;;Here is an example of how to get a formula for a phrase.;;What is the formula for ""Chad's enemy's friend""?;;;;Here are the steps to arrive at the answer:;;1. Chad's enemy = t(k);;2. Chad's enemy's friend = l(t(k));;;;So the answer is l(t(k));;;;What is the formula for ""Frank's enemy's parent's child""?",Frank's enemy's parent's child,h(d(t(v))),k;;q;;r;;s;;v;;w,Autumn = w  Daniel's friend = l(q)  ;;Brooke = r  Brooke's friend = l(r)  ;;Chad = k    Frank's enemy = t(v)    ;;Daniel = q  Chad's enemy = t(k)     ;;Erin = s    Erin's parent = d(s)    ;;Frank = v   Autumn's child = h(w)   
4,L,SemanticApproach.INTENSIONAL,Representation.ABSTRACT,0_L_cec3,English phrases can be translated into formulae. Use the following translations to answer the question.;;;;,";;;;Here is an example of how to get a formula for a phrase.;;What is the formula for ""Chad's enemy's friend""?;;;;Here are the steps to arrive at the answer:;;1. Chad's enemy = t(k);;2. Chad's enemy's friend = l(t(k));;;;So the answer is l(t(k));;;;What is the formula for ""Chad's child's enemy's child""?",Chad's child's enemy's child,h(t(h(k))),k;;q;;r;;s;;v;;w,Autumn = w  Daniel's friend = l(q)  ;;Brooke = r  Brooke's friend = l(r)  ;;Chad = k    Frank's enemy = t(v)    ;;Daniel = q  Chad's enemy = t(k)     ;;Erin = s    Erin's parent = d(s)    ;;Frank = v   Autumn's child = h(w)   
4,L,SemanticApproach.INTENSIONAL,Representation.ABSTRACT,0_L_ecf3,English phrases can be translated into formulae. Use the following translations to answer the question.;;;;,";;;;Here is an example of how to get a formula for a phrase.;;What is the formula for ""Chad's enemy's friend""?;;;;Here are the steps to arrive at the answer:;;1. Chad's enemy = t(k);;2. Chad's enemy's friend = l(t(k));;;;So the answer is l(t(k));;;;What is the formula for ""Chad's friend's child's enemy""?",Chad's friend's child's enemy,t(h(l(k))),k;;q;;r;;s;;v;;w,Autumn = w  Daniel's friend = l(q)  ;;Brooke = r  Brooke's friend = l(r)  ;;Chad = k    Frank's enemy = t(v)    ;;Daniel = q  Chad's enemy = t(k)     ;;Erin = s    Erin's parent = d(s)    ;;Frank = v   Autumn's child = h(w)   
4,L,SemanticApproach.INTENSIONAL,Representation.ABSTRACT,0_L_pfe5,English phrases can be translated into formulae. Use the following translations to answer the question.;;;;,";;;;Here is an example of how to get a formula for a phrase.;;What is the formula for ""Chad's enemy's friend""?;;;;Here are the steps to arrive at the answer:;;1. Chad's enemy = t(k);;2. Chad's enemy's friend = l(t(k));;;;So the answer is l(t(k));;;;What is the formula for ""Autumn's enemy's friend's parent""?",Autumn's enemy's friend's parent,d(l(t(w))),k;;q;;r;;s;;v;;w,Autumn = w  Daniel's friend = l(q)  ;;Brooke = r  Brooke's friend = l(r)  ;;Chad = k    Frank's enemy = t(v)    ;;Daniel = q  Chad's enemy = t(k)     ;;Erin = s    Erin's parent = d(s)    ;;Frank = v   Autumn's child = h(w)   
4,L,SemanticApproach.INTENSIONAL,Representation.ABSTRACT,0_L_efp2,English phrases can be translated into formulae. Use the following translations to answer the question.;;;;,";;;;Here is an example of how to get a formula for a phrase.;;What is the formula for ""Chad's enemy's friend""?;;;;Here are the steps to arrive at the answer:;;1. Chad's enemy = t(k);;2. Chad's enemy's friend = l(t(k));;;;So the answer is l(t(k));;;;What is the formula for ""Frank's parent's friend's enemy""?",Frank's parent's friend's enemy,t(l(d(v))),k;;q;;r;;s;;v;;w,Autumn = w  Daniel's friend = l(q)  ;;Brooke = r  Brooke's friend = l(r)  ;;Chad = k    Frank's enemy = t(v)    ;;Daniel = q  Chad's enemy = t(k)     ;;Erin = s    Erin's parent = d(s)    ;;Frank = v   Autumn's child = h(w)   
4,L,SemanticApproach.INTENSIONAL,Representation.ABSTRACT,0_L_pef1,English phrases can be translated into formulae. Use the following translations to answer the question.;;;;,";;;;Here is an example of how to get a formula for a phrase.;;What is the formula for ""Chad's enemy's friend""?;;;;Here are the steps to arrive at the answer:;;1. Chad's enemy = t(k);;2. Chad's enemy's friend = l(t(k));;;;So the answer is l(t(k));;;;What is the formula for ""Brooke's friend's enemy's parent""?",Brooke's friend's enemy's parent,d(t(l(r))),k;;q;;r;;s;;v;;w,Autumn = w  Daniel's friend = l(q)  ;;Brooke = r  Brooke's friend = l(r)  ;;Chad = k    Frank's enemy = t(v)    ;;Daniel = q  Chad's enemy = t(k)     ;;Erin = s    Erin's parent = d(s)    ;;Frank = v   Autumn's child = h(w)   
4,L,SemanticApproach.INTENSIONAL,Representation.ABSTRACT,0_L_cfp0,English phrases can be translated into formulae. Use the following translations to answer the question.;;;;,";;;;Here is an example of how to get a formula for a phrase.;;What is the formula for ""Chad's enemy's friend""?;;;;Here are the steps to arrive at the answer:;;1. Chad's enemy = t(k);;2. Chad's enemy's friend = l(t(k));;;;So the answer is l(t(k));;;;What is the formula for ""Daniel's parent's friend's child""?",Daniel's parent's friend's child,h(l(d(q))),k;;q;;r;;s;;v;;w,Autumn = w  Daniel's friend = l(q)  ;;Brooke = r  Brooke's friend = l(r)  ;;Chad = k    Frank's enemy = t(v)    ;;Daniel = q  Chad's enemy = t(k)     ;;Erin = s    Erin's parent = d(s)    ;;Frank = v   Autumn's child = h(w)   
4,L,SemanticApproach.INTENSIONAL,Representation.ABSTRACT,0_L_eee4,English phrases can be translated into formulae. Use the following translations to answer the question.;;;;,";;;;Here is an example of how to get a formula for a phrase.;;What is the formula for ""Chad's enemy's friend""?;;;;Here are the steps to arrive at the answer:;;1. Chad's enemy = t(k);;2. Chad's enemy's friend = l(t(k));;;;So the answer is l(t(k));;;;What is the formula for ""Erin's enemy's enemy's enemy""?",Erin's enemy's enemy's enemy,t(t(t(s))),k;;q;;r;;s;;v;;w,Autumn = w  Daniel's friend = l(q)  ;;Brooke = r  Brooke's friend = l(r)  ;;Chad = k    Frank's enemy = t(v)    ;;Daniel = q  Chad's enemy = t(k)     ;;Erin = s    Erin's parent = d(s)    ;;Frank = v   Autumn's child = h(w)   
4,L,SemanticApproach.INTENSIONAL,Representation.ABSTRACT,0_L_pee2,English phrases can be translated into formulae. Use the following translations to answer the question.;;;;,";;;;Here is an example of how to get a formula for a phrase.;;What is the formula for ""Chad's enemy's friend""?;;;;Here are the steps to arrive at the answer:;;1. Chad's enemy = t(k);;2. Chad's enemy's friend = l(t(k));;;;So the answer is l(t(k));;;;What is the formula for ""Frank's enemy's enemy's parent""?",Frank's enemy's enemy's parent,d(t(t(v))),k;;q;;r;;s;;v;;w,Autumn = w  Daniel's friend = l(q)  ;;Brooke = r  Brooke's friend = l(r)  ;;Chad = k    Frank's enemy = t(v)    ;;Daniel = q  Chad's enemy = t(k)     ;;Erin = s    Erin's parent = d(s)    ;;Frank = v   Autumn's child = h(w)   
4,L,SemanticApproach.INTENSIONAL,Representation.ABSTRACT,0_L_cpc3,English phrases can be translated into formulae. Use the following translations to answer the question.;;;;,";;;;Here is an example of how to get a formula for a phrase.;;What is the formula for ""Chad's enemy's friend""?;;;;Here are the steps to arrive at the answer:;;1. Chad's enemy = t(k);;2. Chad's enemy's friend = l(t(k));;;;So the answer is l(t(k));;;;What is the formula for ""Chad's child's parent's child""?",Chad's child's parent's child,h(d(h(k))),k;;q;;r;;s;;v;;w,Autumn = w  Daniel's friend = l(q)  ;;Brooke = r  Brooke's friend = l(r)  ;;Chad = k    Frank's enemy = t(v)    ;;Daniel = q  Chad's enemy = t(k)     ;;Erin = s    Erin's parent = d(s)    ;;Frank = v   Autumn's child = h(w)   
4,L,SemanticApproach.INTENSIONAL,Representation.ABSTRACT,0_L_pee0,English phrases can be translated into formulae. Use the following translations to answer the question.;;;;,";;;;Here is an example of how to get a formula for a phrase.;;What is the formula for ""Chad's enemy's friend""?;;;;Here are the steps to arrive at the answer:;;1. Chad's enemy = t(k);;2. Chad's enemy's friend = l(t(k));;;;So the answer is l(t(k));;;;What is the formula for ""Daniel's enemy's enemy's parent""?",Daniel's enemy's enemy's parent,d(t(t(q))),k;;q;;r;;s;;v;;w,Autumn = w  Daniel's friend = l(q)  ;;Brooke = r  Brooke's friend = l(r)  ;;Chad = k    Frank's enemy = t(v)    ;;Daniel = q  Chad's enemy = t(k)     ;;Erin = s    Erin's parent = d(s)    ;;Frank = v   Autumn's child = h(w)   
4,L,SemanticApproach.INTENSIONAL,Representation.ABSTRACT,0_L_efc3,English phrases can be translated into formulae. Use the following translations to answer the question.;;;;,";;;;Here is an example of how to get a formula for a phrase.;;What is the formula for ""Chad's enemy's friend""?;;;;Here are the steps to arrive at the answer:;;1. Chad's enemy = t(k);;2. Chad's enemy's friend = l(t(k));;;;So the answer is l(t(k));;;;What is the formula for ""Chad's child's friend's enemy""?",Chad's child's friend's enemy,t(l(h(k))),k;;q;;r;;s;;v;;w,Autumn = w  Daniel's friend = l(q)  ;;Brooke = r  Brooke's friend = l(r)  ;;Chad = k    Frank's enemy = t(v)    ;;Daniel = q  Chad's enemy = t(k)     ;;Erin = s    Erin's parent = d(s)    ;;Frank = v   Autumn's child = h(w)   
4,L,SemanticApproach.INTENSIONAL,Representation.ABSTRACT,0_L_epf1,English phrases can be translated into formulae. Use the following translations to answer the question.;;;;,";;;;Here is an example of how to get a formula for a phrase.;;What is the formula for ""Chad's enemy's friend""?;;;;Here are the steps to arrive at the answer:;;1. Chad's enemy = t(k);;2. Chad's enemy's friend = l(t(k));;;;So the answer is l(t(k));;;;What is the formula for ""Brooke's friend's parent's enemy""?",Brooke's friend's parent's enemy,t(d(l(r))),k;;q;;r;;s;;v;;w,Autumn = w  Daniel's friend = l(q)  ;;Brooke = r  Brooke's friend = l(r)  ;;Chad = k    Frank's enemy = t(v)    ;;Daniel = q  Chad's enemy = t(k)     ;;Erin = s    Erin's parent = d(s)    ;;Frank = v   Autumn's child = h(w)   
4,L,SemanticApproach.INTENSIONAL,Representation.ABSTRACT,0_L_efe5,English phrases can be translated into formulae. Use the following translations to answer the question.;;;;,";;;;Here is an example of how to get a formula for a phrase.;;What is the formula for ""Chad's enemy's friend""?;;;;Here are the steps to arrive at the answer:;;1. Chad's enemy = t(k);;2. Chad's enemy's friend = l(t(k));;;;So the answer is l(t(k));;;;What is the formula for ""Autumn's enemy's friend's enemy""?",Autumn's enemy's friend's enemy,t(l(t(w))),k;;q;;r;;s;;v;;w,Autumn = w  Daniel's friend = l(q)  ;;Brooke = r  Brooke's friend = l(r)  ;;Chad = k    Frank's enemy = t(v)    ;;Daniel = q  Chad's enemy = t(k)     ;;Erin = s    Erin's parent = d(s)    ;;Frank = v   Autumn's child = h(w)   
4,L,SemanticApproach.INTENSIONAL,Representation.ABSTRACT,0_L_fec5,English phrases can be translated into formulae. Use the following translations to answer the question.;;;;,";;;;Here is an example of how to get a formula for a phrase.;;What is the formula for ""Chad's enemy's friend""?;;;;Here are the steps to arrive at the answer:;;1. Chad's enemy = t(k);;2. Chad's enemy's friend = l(t(k));;;;So the answer is l(t(k));;;;What is the formula for ""Autumn's child's enemy's friend""?",Autumn's child's enemy's friend,l(t(h(w))),k;;q;;r;;s;;v;;w,Autumn = w  Daniel's friend = l(q)  ;;Brooke = r  Brooke's friend = l(r)  ;;Chad = k    Frank's enemy = t(v)    ;;Daniel = q  Chad's enemy = t(k)     ;;Erin = s    Erin's parent = d(s)    ;;Frank = v   Autumn's child = h(w)   
4,L,SemanticApproach.INTENSIONAL,Representation.ABSTRACT,0_L_ffe5,English phrases can be translated into formulae. Use the following translations to answer the question.;;;;,";;;;Here is an example of how to get a formula for a phrase.;;What is the formula for ""Chad's enemy's friend""?;;;;Here are the steps to arrive at the answer:;;1. Chad's enemy = t(k);;2. Chad's enemy's friend = l(t(k));;;;So the answer is l(t(k));;;;What is the formula for ""Autumn's enemy's friend's friend""?",Autumn's enemy's friend's friend,l(l(t(w))),k;;q;;r;;s;;v;;w,Autumn = w  Daniel's friend = l(q)  ;;Brooke = r  Brooke's friend = l(r)  ;;Chad = k    Frank's enemy = t(v)    ;;Daniel = q  Chad's enemy = t(k)     ;;Erin = s    Erin's parent = d(s)    ;;Frank = v   Autumn's child = h(w)   
4,L,SemanticApproach.INTENSIONAL,Representation.ABSTRACT,0_L_pce1,English phrases can be translated into formulae. Use the following translations to answer the question.;;;;,";;;;Here is an example of how to get a formula for a phrase.;;What is the formula for ""Chad's enemy's friend""?;;;;Here are the steps to arrive at the answer:;;1. Chad's enemy = t(k);;2. Chad's enemy's friend = l(t(k));;;;So the answer is l(t(k));;;;What is the formula for ""Brooke's enemy's child's parent""?",Brooke's enemy's child's parent,d(h(t(r))),k;;q;;r;;s;;v;;w,Autumn = w  Daniel's friend = l(q)  ;;Brooke = r  Brooke's friend = l(r)  ;;Chad = k    Frank's enemy = t(v)    ;;Daniel = q  Chad's enemy = t(k)     ;;Erin = s    Erin's parent = d(s)    ;;Frank = v   Autumn's child = h(w)   
4,L,SemanticApproach.INTENSIONAL,Representation.ABSTRACT,0_L_ffc5,English phrases can be translated into formulae. Use the following translations to answer the question.;;;;,";;;;Here is an example of how to get a formula for a phrase.;;What is the formula for ""Chad's enemy's friend""?;;;;Here are the steps to arrive at the answer:;;1. Chad's enemy = t(k);;2. Chad's enemy's friend = l(t(k));;;;So the answer is l(t(k));;;;What is the formula for ""Autumn's child's friend's friend""?",Autumn's child's friend's friend,l(l(h(w))),k;;q;;r;;s;;v;;w,Autumn = w  Daniel's friend = l(q)  ;;Brooke = r  Brooke's friend = l(r)  ;;Chad = k    Frank's enemy = t(v)    ;;Daniel = q  Chad's enemy = t(k)     ;;Erin = s    Erin's parent = d(s)    ;;Frank = v   Autumn's child = h(w)   
4,L,SemanticApproach.INTENSIONAL,Representation.ABSTRACT,0_L_cff1,English phrases can be translated into formulae. Use the following translations to answer the question.;;;;,";;;;Here is an example of how to get a formula for a phrase.;;What is the formula for ""Chad's enemy's friend""?;;;;Here are the steps to arrive at the answer:;;1. Chad's enemy = t(k);;2. Chad's enemy's friend = l(t(k));;;;So the answer is l(t(k));;;;What is the formula for ""Brooke's friend's friend's child""?",Brooke's friend's friend's child,h(l(l(r))),k;;q;;r;;s;;v;;w,Autumn = w  Daniel's friend = l(q)  ;;Brooke = r  Brooke's friend = l(r)  ;;Chad = k    Frank's enemy = t(v)    ;;Daniel = q  Chad's enemy = t(k)     ;;Erin = s    Erin's parent = d(s)    ;;Frank = v   Autumn's child = h(w)   
4,L,SemanticApproach.INTENSIONAL,Representation.ABSTRACT,0_L_epc1,English phrases can be translated into formulae. Use the following translations to answer the question.;;;;,";;;;Here is an example of how to get a formula for a phrase.;;What is the formula for ""Chad's enemy's friend""?;;;;Here are the steps to arrive at the answer:;;1. Chad's enemy = t(k);;2. Chad's enemy's friend = l(t(k));;;;So the answer is l(t(k));;;;What is the formula for ""Brooke's child's parent's enemy""?",Brooke's child's parent's enemy,t(d(h(r))),k;;q;;r;;s;;v;;w,Autumn = w  Daniel's friend = l(q)  ;;Brooke = r  Brooke's friend = l(r)  ;;Chad = k    Frank's enemy = t(v)    ;;Daniel = q  Chad's enemy = t(k)     ;;Erin = s    Erin's parent = d(s)    ;;Frank = v   Autumn's child = h(w)   
4,L,SemanticApproach.INTENSIONAL,Representation.ABSTRACT,0_L_pcf3,English phrases can be translated into formulae. Use the following translations to answer the question.;;;;,";;;;Here is an example of how to get a formula for a phrase.;;What is the formula for ""Chad's enemy's friend""?;;;;Here are the steps to arrive at the answer:;;1. Chad's enemy = t(k);;2. Chad's enemy's friend = l(t(k));;;;So the answer is l(t(k));;;;What is the formula for ""Chad's friend's child's parent""?",Chad's friend's child's parent,d(h(l(k))),k;;q;;r;;s;;v;;w,Autumn = w  Daniel's friend = l(q)  ;;Brooke = r  Brooke's friend = l(r)  ;;Chad = k    Frank's enemy = t(v)    ;;Daniel = q  Chad's enemy = t(k)     ;;Erin = s    Erin's parent = d(s)    ;;Frank = v   Autumn's child = h(w)   
4,L,SemanticApproach.INTENSIONAL,Representation.ABSTRACT,0_L_pff0,English phrases can be translated into formulae. Use the following translations to answer the question.;;;;,";;;;Here is an example of how to get a formula for a phrase.;;What is the formula for ""Chad's enemy's friend""?;;;;Here are the steps to arrive at the answer:;;1. Chad's enemy = t(k);;2. Chad's enemy's friend = l(t(k));;;;So the answer is l(t(k));;;;What is the formula for ""Daniel's friend's friend's parent""?",Daniel's friend's friend's parent,d(l(l(q))),k;;q;;r;;s;;v;;w,Autumn = w  Daniel's friend = l(q)  ;;Brooke = r  Brooke's friend = l(r)  ;;Chad = k    Frank's enemy = t(v)    ;;Daniel = q  Chad's enemy = t(k)     ;;Erin = s    Erin's parent = d(s)    ;;Frank = v   Autumn's child = h(w)   
4,L,SemanticApproach.INTENSIONAL,Representation.ABSTRACT,0_L_eef1,English phrases can be translated into formulae. Use the following translations to answer the question.;;;;,";;;;Here is an example of how to get a formula for a phrase.;;What is the formula for ""Chad's enemy's friend""?;;;;Here are the steps to arrive at the answer:;;1. Chad's enemy = t(k);;2. Chad's enemy's friend = l(t(k));;;;So the answer is l(t(k));;;;What is the formula for ""Brooke's friend's enemy's enemy""?",Brooke's friend's enemy's enemy,t(t(l(r))),k;;q;;r;;s;;v;;w,Autumn = w  Daniel's friend = l(q)  ;;Brooke = r  Brooke's friend = l(r)  ;;Chad = k    Frank's enemy = t(v)    ;;Daniel = q  Chad's enemy = t(k)     ;;Erin = s    Erin's parent = d(s)    ;;Frank = v   Autumn's child = h(w)   
4,L,SemanticApproach.INTENSIONAL,Representation.ABSTRACT,0_L_eep4,English phrases can be translated into formulae. Use the following translations to answer the question.;;;;,";;;;Here is an example of how to get a formula for a phrase.;;What is the formula for ""Chad's enemy's friend""?;;;;Here are the steps to arrive at the answer:;;1. Chad's enemy = t(k);;2. Chad's enemy's friend = l(t(k));;;;So the answer is l(t(k));;;;What is the formula for ""Erin's parent's enemy's enemy""?",Erin's parent's enemy's enemy,t(t(d(s))),k;;q;;r;;s;;v;;w,Autumn = w  Daniel's friend = l(q)  ;;Brooke = r  Brooke's friend = l(r)  ;;Chad = k    Frank's enemy = t(v)    ;;Daniel = q  Chad's enemy = t(k)     ;;Erin = s    Erin's parent = d(s)    ;;Frank = v   Autumn's child = h(w)   
5,L,SemanticApproach.INTENSIONAL,Representation.ABSTRACT,0_L_fepe2,English phrases can be translated into formulae. Use the following translations to answer the question.;;;;,";;;;Here is an example of how to get a formula for a phrase.;;What is the formula for ""Chad's enemy's friend""?;;;;Here are the steps to arrive at the answer:;;1. Chad's enemy = t(k);;2. Chad's enemy's friend = l(t(k));;;;So the answer is l(t(k));;;;What is the formula for ""Frank's enemy's parent's enemy's friend""?",Frank's enemy's parent's enemy's friend,l(t(d(t(v)))),k;;q;;r;;s;;v;;w,Autumn = w  Daniel's friend = l(q)  ;;Brooke = r  Brooke's friend = l(r)  ;;Chad = k    Frank's enemy = t(v)    ;;Daniel = q  Chad's enemy = t(k)     ;;Erin = s    Erin's parent = d(s)    ;;Frank = v   Autumn's child = h(w)   
5,L,SemanticApproach.INTENSIONAL,Representation.ABSTRACT,0_L_epec5,English phrases can be translated into formulae. Use the following translations to answer the question.;;;;,";;;;Here is an example of how to get a formula for a phrase.;;What is the formula for ""Chad's enemy's friend""?;;;;Here are the steps to arrive at the answer:;;1. Chad's enemy = t(k);;2. Chad's enemy's friend = l(t(k));;;;So the answer is l(t(k));;;;What is the formula for ""Autumn's child's enemy's parent's enemy""?",Autumn's child's enemy's parent's enemy,t(d(t(h(w)))),k;;q;;r;;s;;v;;w,Autumn = w  Daniel's friend = l(q)  ;;Brooke = r  Brooke's friend = l(r)  ;;Chad = k    Frank's enemy = t(v)    ;;Daniel = q  Chad's enemy = t(k)     ;;Erin = s    Erin's parent = d(s)    ;;Frank = v   Autumn's child = h(w)   
5,L,SemanticApproach.INTENSIONAL,Representation.ABSTRACT,0_L_peff2,English phrases can be translated into formulae. Use the following translations to answer the question.;;;;,";;;;Here is an example of how to get a formula for a phrase.;;What is the formula for ""Chad's enemy's friend""?;;;;Here are the steps to arrive at the answer:;;1. Chad's enemy = t(k);;2. Chad's enemy's friend = l(t(k));;;;So the answer is l(t(k));;;;What is the formula for ""Frank's friend's friend's enemy's parent""?",Frank's friend's friend's enemy's parent,d(t(l(l(v)))),k;;q;;r;;s;;v;;w,Autumn = w  Daniel's friend = l(q)  ;;Brooke = r  Brooke's friend = l(r)  ;;Chad = k    Frank's enemy = t(v)    ;;Daniel = q  Chad's enemy = t(k)     ;;Erin = s    Erin's parent = d(s)    ;;Frank = v   Autumn's child = h(w)   
5,L,SemanticApproach.INTENSIONAL,Representation.ABSTRACT,0_L_fcec3,English phrases can be translated into formulae. Use the following translations to answer the question.;;;;,";;;;Here is an example of how to get a formula for a phrase.;;What is the formula for ""Chad's enemy's friend""?;;;;Here are the steps to arrive at the answer:;;1. Chad's enemy = t(k);;2. Chad's enemy's friend = l(t(k));;;;So the answer is l(t(k));;;;What is the formula for ""Chad's child's enemy's child's friend""?",Chad's child's enemy's child's friend,l(h(t(h(k)))),k;;q;;r;;s;;v;;w,Autumn = w  Daniel's friend = l(q)  ;;Brooke = r  Brooke's friend = l(r)  ;;Chad = k    Frank's enemy = t(v)    ;;Daniel = q  Chad's enemy = t(k)     ;;Erin = s    Erin's parent = d(s)    ;;Frank = v   Autumn's child = h(w)   
5,L,SemanticApproach.INTENSIONAL,Representation.ABSTRACT,0_L_pcee5,English phrases can be translated into formulae. Use the following translations to answer the question.;;;;,";;;;Here is an example of how to get a formula for a phrase.;;What is the formula for ""Chad's enemy's friend""?;;;;Here are the steps to arrive at the answer:;;1. Chad's enemy = t(k);;2. Chad's enemy's friend = l(t(k));;;;So the answer is l(t(k));;;;What is the formula for ""Autumn's enemy's enemy's child's parent""?",Autumn's enemy's enemy's child's parent,d(h(t(t(w)))),k;;q;;r;;s;;v;;w,Autumn = w  Daniel's friend = l(q)  ;;Brooke = r  Brooke's friend = l(r)  ;;Chad = k    Frank's enemy = t(v)    ;;Daniel = q  Chad's enemy = t(k)     ;;Erin = s    Erin's parent = d(s)    ;;Frank = v   Autumn's child = h(w)   
5,L,SemanticApproach.INTENSIONAL,Representation.ABSTRACT,0_L_efpc3,English phrases can be translated into formulae. Use the following translations to answer the question.;;;;,";;;;Here is an example of how to get a formula for a phrase.;;What is the formula for ""Chad's enemy's friend""?;;;;Here are the steps to arrive at the answer:;;1. Chad's enemy = t(k);;2. Chad's enemy's friend = l(t(k));;;;So the answer is l(t(k));;;;What is the formula for ""Chad's child's parent's friend's enemy""?",Chad's child's parent's friend's enemy,t(l(d(h(k)))),k;;q;;r;;s;;v;;w,Autumn = w  Daniel's friend = l(q)  ;;Brooke = r  Brooke's friend = l(r)  ;;Chad = k    Frank's enemy = t(v)    ;;Daniel = q  Chad's enemy = t(k)     ;;Erin = s    Erin's parent = d(s)    ;;Frank = v   Autumn's child = h(w)   
5,L,SemanticApproach.INTENSIONAL,Representation.ABSTRACT,0_L_fffp2,English phrases can be translated into formulae. Use the following translations to answer the question.;;;;,";;;;Here is an example of how to get a formula for a phrase.;;What is the formula for ""Chad's enemy's friend""?;;;;Here are the steps to arrive at the answer:;;1. Chad's enemy = t(k);;2. Chad's enemy's friend = l(t(k));;;;So the answer is l(t(k));;;;What is the formula for ""Frank's parent's friend's friend's friend""?",Frank's parent's friend's friend's friend,l(l(l(d(v)))),k;;q;;r;;s;;v;;w,Autumn = w  Daniel's friend = l(q)  ;;Brooke = r  Brooke's friend = l(r)  ;;Chad = k    Frank's enemy = t(v)    ;;Daniel = q  Chad's enemy = t(k)     ;;Erin = s    Erin's parent = d(s)    ;;Frank = v   Autumn's child = h(w)   
5,L,SemanticApproach.INTENSIONAL,Representation.ABSTRACT,0_L_effc5,English phrases can be translated into formulae. Use the following translations to answer the question.;;;;,";;;;Here is an example of how to get a formula for a phrase.;;What is the formula for ""Chad's enemy's friend""?;;;;Here are the steps to arrive at the answer:;;1. Chad's enemy = t(k);;2. Chad's enemy's friend = l(t(k));;;;So the answer is l(t(k));;;;What is the formula for ""Autumn's child's friend's friend's enemy""?",Autumn's child's friend's friend's enemy,t(l(l(h(w)))),k;;q;;r;;s;;v;;w,Autumn = w  Daniel's friend = l(q)  ;;Brooke = r  Brooke's friend = l(r)  ;;Chad = k    Frank's enemy = t(v)    ;;Daniel = q  Chad's enemy = t(k)     ;;Erin = s    Erin's parent = d(s)    ;;Frank = v   Autumn's child = h(w)   
5,L,SemanticApproach.INTENSIONAL,Representation.ABSTRACT,0_L_feee5,English phrases can be translated into formulae. Use the following translations to answer the question.;;;;,";;;;Here is an example of how to get a formula for a phrase.;;What is the formula for ""Chad's enemy's friend""?;;;;Here are the steps to arrive at the answer:;;1. Chad's enemy = t(k);;2. Chad's enemy's friend = l(t(k));;;;So the answer is l(t(k));;;;What is the formula for ""Autumn's enemy's enemy's enemy's friend""?",Autumn's enemy's enemy's enemy's friend,l(t(t(t(w)))),k;;q;;r;;s;;v;;w,Autumn = w  Daniel's friend = l(q)  ;;Brooke = r  Brooke's friend = l(r)  ;;Chad = k    Frank's enemy = t(v)    ;;Daniel = q  Chad's enemy = t(k)     ;;Erin = s    Erin's parent = d(s)    ;;Frank = v   Autumn's child = h(w)   
5,L,SemanticApproach.INTENSIONAL,Representation.ABSTRACT,0_L_cece1,English phrases can be translated into formulae. Use the following translations to answer the question.;;;;,";;;;Here is an example of how to get a formula for a phrase.;;What is the formula for ""Chad's enemy's friend""?;;;;Here are the steps to arrive at the answer:;;1. Chad's enemy = t(k);;2. Chad's enemy's friend = l(t(k));;;;So the answer is l(t(k));;;;What is the formula for ""Brooke's enemy's child's enemy's child""?",Brooke's enemy's child's enemy's child,h(t(h(t(r)))),k;;q;;r;;s;;v;;w,Autumn = w  Daniel's friend = l(q)  ;;Brooke = r  Brooke's friend = l(r)  ;;Chad = k    Frank's enemy = t(v)    ;;Daniel = q  Chad's enemy = t(k)     ;;Erin = s    Erin's parent = d(s)    ;;Frank = v   Autumn's child = h(w)   
5,L,SemanticApproach.INTENSIONAL,Representation.ABSTRACT,0_L_cpep4,English phrases can be translated into formulae. Use the following translations to answer the question.;;;;,";;;;Here is an example of how to get a formula for a phrase.;;What is the formula for ""Chad's enemy's friend""?;;;;Here are the steps to arrive at the answer:;;1. Chad's enemy = t(k);;2. Chad's enemy's friend = l(t(k));;;;So the answer is l(t(k));;;;What is the formula for ""Erin's parent's enemy's parent's child""?",Erin's parent's enemy's parent's child,h(d(t(d(s)))),k;;q;;r;;s;;v;;w,Autumn = w  Daniel's friend = l(q)  ;;Brooke = r  Brooke's friend = l(r)  ;;Chad = k    Frank's enemy = t(v)    ;;Daniel = q  Chad's enemy = t(k)     ;;Erin = s    Erin's parent = d(s)    ;;Frank = v   Autumn's child = h(w)   
5,L,SemanticApproach.INTENSIONAL,Representation.ABSTRACT,0_L_pfcp0,English phrases can be translated into formulae. Use the following translations to answer the question.;;;;,";;;;Here is an example of how to get a formula for a phrase.;;What is the formula for ""Chad's enemy's friend""?;;;;Here are the steps to arrive at the answer:;;1. Chad's enemy = t(k);;2. Chad's enemy's friend = l(t(k));;;;So the answer is l(t(k));;;;What is the formula for ""Daniel's parent's child's friend's parent""?",Daniel's parent's child's friend's parent,d(l(h(d(q)))),k;;q;;r;;s;;v;;w,Autumn = w  Daniel's friend = l(q)  ;;Brooke = r  Brooke's friend = l(r)  ;;Chad = k    Frank's enemy = t(v)    ;;Daniel = q  Chad's enemy = t(k)     ;;Erin = s    Erin's parent = d(s)    ;;Frank = v   Autumn's child = h(w)   
5,L,SemanticApproach.INTENSIONAL,Representation.ABSTRACT,0_L_efpf2,English phrases can be translated into formulae. Use the following translations to answer the question.;;;;,";;;;Here is an example of how to get a formula for a phrase.;;What is the formula for ""Chad's enemy's friend""?;;;;Here are the steps to arrive at the answer:;;1. Chad's enemy = t(k);;2. Chad's enemy's friend = l(t(k));;;;So the answer is l(t(k));;;;What is the formula for ""Frank's friend's parent's friend's enemy""?",Frank's friend's parent's friend's enemy,t(l(d(l(v)))),k;;q;;r;;s;;v;;w,Autumn = w  Daniel's friend = l(q)  ;;Brooke = r  Brooke's friend = l(r)  ;;Chad = k    Frank's enemy = t(v)    ;;Daniel = q  Chad's enemy = t(k)     ;;Erin = s    Erin's parent = d(s)    ;;Frank = v   Autumn's child = h(w)   
5,L,SemanticApproach.INTENSIONAL,Representation.ABSTRACT,0_L_ceep4,English phrases can be translated into formulae. Use the following translations to answer the question.;;;;,";;;;Here is an example of how to get a formula for a phrase.;;What is the formula for ""Chad's enemy's friend""?;;;;Here are the steps to arrive at the answer:;;1. Chad's enemy = t(k);;2. Chad's enemy's friend = l(t(k));;;;So the answer is l(t(k));;;;What is the formula for ""Erin's parent's enemy's enemy's child""?",Erin's parent's enemy's enemy's child,h(t(t(d(s)))),k;;q;;r;;s;;v;;w,Autumn = w  Daniel's friend = l(q)  ;;Brooke = r  Brooke's friend = l(r)  ;;Chad = k    Frank's enemy = t(v)    ;;Daniel = q  Chad's enemy = t(k)     ;;Erin = s    Erin's parent = d(s)    ;;Frank = v   Autumn's child = h(w)   
5,L,SemanticApproach.INTENSIONAL,Representation.ABSTRACT,0_L_ffpc1,English phrases can be translated into formulae. Use the following translations to answer the question.;;;;,";;;;Here is an example of how to get a formula for a phrase.;;What is the formula for ""Chad's enemy's friend""?;;;;Here are the steps to arrive at the answer:;;1. Chad's enemy = t(k);;2. Chad's enemy's friend = l(t(k));;;;So the answer is l(t(k));;;;What is the formula for ""Brooke's child's parent's friend's friend""?",Brooke's child's parent's friend's friend,l(l(d(h(r)))),k;;q;;r;;s;;v;;w,Autumn = w  Daniel's friend = l(q)  ;;Brooke = r  Brooke's friend = l(r)  ;;Chad = k    Frank's enemy = t(v)    ;;Daniel = q  Chad's enemy = t(k)     ;;Erin = s    Erin's parent = d(s)    ;;Frank = v   Autumn's child = h(w)   
5,L,SemanticApproach.INTENSIONAL,Representation.ABSTRACT,0_L_ffee0,English phrases can be translated into formulae. Use the following translations to answer the question.;;;;,";;;;Here is an example of how to get a formula for a phrase.;;What is the formula for ""Chad's enemy's friend""?;;;;Here are the steps to arrive at the answer:;;1. Chad's enemy = t(k);;2. Chad's enemy's friend = l(t(k));;;;So the answer is l(t(k));;;;What is the formula for ""Daniel's enemy's enemy's friend's friend""?",Daniel's enemy's enemy's friend's friend,l(l(t(t(q)))),k;;q;;r;;s;;v;;w,Autumn = w  Daniel's friend = l(q)  ;;Brooke = r  Brooke's friend = l(r)  ;;Chad = k    Frank's enemy = t(v)    ;;Daniel = q  Chad's enemy = t(k)     ;;Erin = s    Erin's parent = d(s)    ;;Frank = v   Autumn's child = h(w)   
5,L,SemanticApproach.INTENSIONAL,Representation.ABSTRACT,0_L_fpef1,English phrases can be translated into formulae. Use the following translations to answer the question.;;;;,";;;;Here is an example of how to get a formula for a phrase.;;What is the formula for ""Chad's enemy's friend""?;;;;Here are the steps to arrive at the answer:;;1. Chad's enemy = t(k);;2. Chad's enemy's friend = l(t(k));;;;So the answer is l(t(k));;;;What is the formula for ""Brooke's friend's enemy's parent's friend""?",Brooke's friend's enemy's parent's friend,l(d(t(l(r)))),k;;q;;r;;s;;v;;w,Autumn = w  Daniel's friend = l(q)  ;;Brooke = r  Brooke's friend = l(r)  ;;Chad = k    Frank's enemy = t(v)    ;;Daniel = q  Chad's enemy = t(k)     ;;Erin = s    Erin's parent = d(s)    ;;Frank = v   Autumn's child = h(w)   
5,L,SemanticApproach.INTENSIONAL,Representation.ABSTRACT,0_L_eeef0,English phrases can be translated into formulae. Use the following translations to answer the question.;;;;,";;;;Here is an example of how to get a formula for a phrase.;;What is the formula for ""Chad's enemy's friend""?;;;;Here are the steps to arrive at the answer:;;1. Chad's enemy = t(k);;2. Chad's enemy's friend = l(t(k));;;;So the answer is l(t(k));;;;What is the formula for ""Daniel's friend's enemy's enemy's enemy""?",Daniel's friend's enemy's enemy's enemy,t(t(t(l(q)))),k;;q;;r;;s;;v;;w,Autumn = w  Daniel's friend = l(q)  ;;Brooke = r  Brooke's friend = l(r)  ;;Chad = k    Frank's enemy = t(v)    ;;Daniel = q  Chad's enemy = t(k)     ;;Erin = s    Erin's parent = d(s)    ;;Frank = v   Autumn's child = h(w)   
5,L,SemanticApproach.INTENSIONAL,Representation.ABSTRACT,0_L_peee5,English phrases can be translated into formulae. Use the following translations to answer the question.;;;;,";;;;Here is an example of how to get a formula for a phrase.;;What is the formula for ""Chad's enemy's friend""?;;;;Here are the steps to arrive at the answer:;;1. Chad's enemy = t(k);;2. Chad's enemy's friend = l(t(k));;;;So the answer is l(t(k));;;;What is the formula for ""Autumn's enemy's enemy's enemy's parent""?",Autumn's enemy's enemy's enemy's parent,d(t(t(t(w)))),k;;q;;r;;s;;v;;w,Autumn = w  Daniel's friend = l(q)  ;;Brooke = r  Brooke's friend = l(r)  ;;Chad = k    Frank's enemy = t(v)    ;;Daniel = q  Chad's enemy = t(k)     ;;Erin = s    Erin's parent = d(s)    ;;Frank = v   Autumn's child = h(w)   
5,L,SemanticApproach.INTENSIONAL,Representation.ABSTRACT,0_L_eefe5,English phrases can be translated into formulae. Use the following translations to answer the question.;;;;,";;;;Here is an example of how to get a formula for a phrase.;;What is the formula for ""Chad's enemy's friend""?;;;;Here are the steps to arrive at the answer:;;1. Chad's enemy = t(k);;2. Chad's enemy's friend = l(t(k));;;;So the answer is l(t(k));;;;What is the formula for ""Autumn's enemy's friend's enemy's enemy""?",Autumn's enemy's friend's enemy's enemy,t(t(l(t(w)))),k;;q;;r;;s;;v;;w,Autumn = w  Daniel's friend = l(q)  ;;Brooke = r  Brooke's friend = l(r)  ;;Chad = k    Frank's enemy = t(v)    ;;Daniel = q  Chad's enemy = t(k)     ;;Erin = s    Erin's parent = d(s)    ;;Frank = v   Autumn's child = h(w)   
5,L,SemanticApproach.INTENSIONAL,Representation.ABSTRACT,0_L_pepc5,English phrases can be translated into formulae. Use the following translations to answer the question.;;;;,";;;;Here is an example of how to get a formula for a phrase.;;What is the formula for ""Chad's enemy's friend""?;;;;Here are the steps to arrive at the answer:;;1. Chad's enemy = t(k);;2. Chad's enemy's friend = l(t(k));;;;So the answer is l(t(k));;;;What is the formula for ""Autumn's child's parent's enemy's parent""?",Autumn's child's parent's enemy's parent,d(t(d(h(w)))),k;;q;;r;;s;;v;;w,Autumn = w  Daniel's friend = l(q)  ;;Brooke = r  Brooke's friend = l(r)  ;;Chad = k    Frank's enemy = t(v)    ;;Daniel = q  Chad's enemy = t(k)     ;;Erin = s    Erin's parent = d(s)    ;;Frank = v   Autumn's child = h(w)   
5,L,SemanticApproach.INTENSIONAL,Representation.ABSTRACT,0_L_fecf3,English phrases can be translated into formulae. Use the following translations to answer the question.;;;;,";;;;Here is an example of how to get a formula for a phrase.;;What is the formula for ""Chad's enemy's friend""?;;;;Here are the steps to arrive at the answer:;;1. Chad's enemy = t(k);;2. Chad's enemy's friend = l(t(k));;;;So the answer is l(t(k));;;;What is the formula for ""Chad's friend's child's enemy's friend""?",Chad's friend's child's enemy's friend,l(t(h(l(k)))),k;;q;;r;;s;;v;;w,Autumn = w  Daniel's friend = l(q)  ;;Brooke = r  Brooke's friend = l(r)  ;;Chad = k    Frank's enemy = t(v)    ;;Daniel = q  Chad's enemy = t(k)     ;;Erin = s    Erin's parent = d(s)    ;;Frank = v   Autumn's child = h(w)   
5,L,SemanticApproach.INTENSIONAL,Representation.ABSTRACT,0_L_fcpc5,English phrases can be translated into formulae. Use the following translations to answer the question.;;;;,";;;;Here is an example of how to get a formula for a phrase.;;What is the formula for ""Chad's enemy's friend""?;;;;Here are the steps to arrive at the answer:;;1. Chad's enemy = t(k);;2. Chad's enemy's friend = l(t(k));;;;So the answer is l(t(k));;;;What is the formula for ""Autumn's child's parent's child's friend""?",Autumn's child's parent's child's friend,l(h(d(h(w)))),k;;q;;r;;s;;v;;w,Autumn = w  Daniel's friend = l(q)  ;;Brooke = r  Brooke's friend = l(r)  ;;Chad = k    Frank's enemy = t(v)    ;;Daniel = q  Chad's enemy = t(k)     ;;Erin = s    Erin's parent = d(s)    ;;Frank = v   Autumn's child = h(w)   
5,L,SemanticApproach.INTENSIONAL,Representation.ABSTRACT,0_L_fpee0,English phrases can be translated into formulae. Use the following translations to answer the question.;;;;,";;;;Here is an example of how to get a formula for a phrase.;;What is the formula for ""Chad's enemy's friend""?;;;;Here are the steps to arrive at the answer:;;1. Chad's enemy = t(k);;2. Chad's enemy's friend = l(t(k));;;;So the answer is l(t(k));;;;What is the formula for ""Daniel's enemy's enemy's parent's friend""?",Daniel's enemy's enemy's parent's friend,l(d(t(t(q)))),k;;q;;r;;s;;v;;w,Autumn = w  Daniel's friend = l(q)  ;;Brooke = r  Brooke's friend = l(r)  ;;Chad = k    Frank's enemy = t(v)    ;;Daniel = q  Chad's enemy = t(k)     ;;Erin = s    Erin's parent = d(s)    ;;Frank = v   Autumn's child = h(w)   
5,L,SemanticApproach.INTENSIONAL,Representation.ABSTRACT,0_L_eeee0,English phrases can be translated into formulae. Use the following translations to answer the question.;;;;,";;;;Here is an example of how to get a formula for a phrase.;;What is the formula for ""Chad's enemy's friend""?;;;;Here are the steps to arrive at the answer:;;1. Chad's enemy = t(k);;2. Chad's enemy's friend = l(t(k));;;;So the answer is l(t(k));;;;What is the formula for ""Daniel's enemy's enemy's enemy's enemy""?",Daniel's enemy's enemy's enemy's enemy,t(t(t(t(q)))),k;;q;;r;;s;;v;;w,Autumn = w  Daniel's friend = l(q)  ;;Brooke = r  Brooke's friend = l(r)  ;;Chad = k    Frank's enemy = t(v)    ;;Daniel = q  Chad's enemy = t(k)     ;;Erin = s    Erin's parent = d(s)    ;;Frank = v   Autumn's child = h(w)   
5,L,SemanticApproach.INTENSIONAL,Representation.ABSTRACT,0_L_feff1,English phrases can be translated into formulae. Use the following translations to answer the question.;;;;,";;;;Here is an example of how to get a formula for a phrase.;;What is the formula for ""Chad's enemy's friend""?;;;;Here are the steps to arrive at the answer:;;1. Chad's enemy = t(k);;2. Chad's enemy's friend = l(t(k));;;;So the answer is l(t(k));;;;What is the formula for ""Brooke's friend's friend's enemy's friend""?",Brooke's friend's friend's enemy's friend,l(t(l(l(r)))),k;;q;;r;;s;;v;;w,Autumn = w  Daniel's friend = l(q)  ;;Brooke = r  Brooke's friend = l(r)  ;;Chad = k    Frank's enemy = t(v)    ;;Daniel = q  Chad's enemy = t(k)     ;;Erin = s    Erin's parent = d(s)    ;;Frank = v   Autumn's child = h(w)   
5,L,SemanticApproach.INTENSIONAL,Representation.ABSTRACT,0_L_pecf4,English phrases can be translated into formulae. Use the following translations to answer the question.;;;;,";;;;Here is an example of how to get a formula for a phrase.;;What is the formula for ""Chad's enemy's friend""?;;;;Here are the steps to arrive at the answer:;;1. Chad's enemy = t(k);;2. Chad's enemy's friend = l(t(k));;;;So the answer is l(t(k));;;;What is the formula for ""Erin's friend's child's enemy's parent""?",Erin's friend's child's enemy's parent,d(t(h(l(s)))),k;;q;;r;;s;;v;;w,Autumn = w  Daniel's friend = l(q)  ;;Brooke = r  Brooke's friend = l(r)  ;;Chad = k    Frank's enemy = t(v)    ;;Daniel = q  Chad's enemy = t(k)     ;;Erin = s    Erin's parent = d(s)    ;;Frank = v   Autumn's child = h(w)   
5,L,SemanticApproach.INTENSIONAL,Representation.ABSTRACT,0_L_ecee5,English phrases can be translated into formulae. Use the following translations to answer the question.;;;;,";;;;Here is an example of how to get a formula for a phrase.;;What is the formula for ""Chad's enemy's friend""?;;;;Here are the steps to arrive at the answer:;;1. Chad's enemy = t(k);;2. Chad's enemy's friend = l(t(k));;;;So the answer is l(t(k));;;;What is the formula for ""Autumn's enemy's enemy's child's enemy""?",Autumn's enemy's enemy's child's enemy,t(h(t(t(w)))),k;;q;;r;;s;;v;;w,Autumn = w  Daniel's friend = l(q)  ;;Brooke = r  Brooke's friend = l(r)  ;;Chad = k    Frank's enemy = t(v)    ;;Daniel = q  Chad's enemy = t(k)     ;;Erin = s    Erin's parent = d(s)    ;;Frank = v   Autumn's child = h(w)   
5,L,SemanticApproach.INTENSIONAL,Representation.ABSTRACT,0_L_pffe5,English phrases can be translated into formulae. Use the following translations to answer the question.;;;;,";;;;Here is an example of how to get a formula for a phrase.;;What is the formula for ""Chad's enemy's friend""?;;;;Here are the steps to arrive at the answer:;;1. Chad's enemy = t(k);;2. Chad's enemy's friend = l(t(k));;;;So the answer is l(t(k));;;;What is the formula for ""Autumn's enemy's friend's friend's parent""?",Autumn's enemy's friend's friend's parent,d(l(l(t(w)))),k;;q;;r;;s;;v;;w,Autumn = w  Daniel's friend = l(q)  ;;Brooke = r  Brooke's friend = l(r)  ;;Chad = k    Frank's enemy = t(v)    ;;Daniel = q  Chad's enemy = t(k)     ;;Erin = s    Erin's parent = d(s)    ;;Frank = v   Autumn's child = h(w)   
5,L,SemanticApproach.INTENSIONAL,Representation.ABSTRACT,0_L_effc3,English phrases can be translated into formulae. Use the following translations to answer the question.;;;;,";;;;Here is an example of how to get a formula for a phrase.;;What is the formula for ""Chad's enemy's friend""?;;;;Here are the steps to arrive at the answer:;;1. Chad's enemy = t(k);;2. Chad's enemy's friend = l(t(k));;;;So the answer is l(t(k));;;;What is the formula for ""Chad's child's friend's friend's enemy""?",Chad's child's friend's friend's enemy,t(l(l(h(k)))),k;;q;;r;;s;;v;;w,Autumn = w  Daniel's friend = l(q)  ;;Brooke = r  Brooke's friend = l(r)  ;;Chad = k    Frank's enemy = t(v)    ;;Daniel = q  Chad's enemy = t(k)     ;;Erin = s    Erin's parent = d(s)    ;;Frank = v   Autumn's child = h(w)   
5,L,SemanticApproach.INTENSIONAL,Representation.ABSTRACT,0_L_pcef4,English phrases can be translated into formulae. Use the following translations to answer the question.;;;;,";;;;Here is an example of how to get a formula for a phrase.;;What is the formula for ""Chad's enemy's friend""?;;;;Here are the steps to arrive at the answer:;;1. Chad's enemy = t(k);;2. Chad's enemy's friend = l(t(k));;;;So the answer is l(t(k));;;;What is the formula for ""Erin's friend's enemy's child's parent""?",Erin's friend's enemy's child's parent,d(h(t(l(s)))),k;;q;;r;;s;;v;;w,Autumn = w  Daniel's friend = l(q)  ;;Brooke = r  Brooke's friend = l(r)  ;;Chad = k    Frank's enemy = t(v)    ;;Daniel = q  Chad's enemy = t(k)     ;;Erin = s    Erin's parent = d(s)    ;;Frank = v   Autumn's child = h(w)   
5,L,SemanticApproach.INTENSIONAL,Representation.ABSTRACT,0_L_cpfc3,English phrases can be translated into formulae. Use the following translations to answer the question.;;;;,";;;;Here is an example of how to get a formula for a phrase.;;What is the formula for ""Chad's enemy's friend""?;;;;Here are the steps to arrive at the answer:;;1. Chad's enemy = t(k);;2. Chad's enemy's friend = l(t(k));;;;So the answer is l(t(k));;;;What is the formula for ""Chad's child's friend's parent's child""?",Chad's child's friend's parent's child,h(d(l(h(k)))),k;;q;;r;;s;;v;;w,Autumn = w  Daniel's friend = l(q)  ;;Brooke = r  Brooke's friend = l(r)  ;;Chad = k    Frank's enemy = t(v)    ;;Daniel = q  Chad's enemy = t(k)     ;;Erin = s    Erin's parent = d(s)    ;;Frank = v   Autumn's child = h(w)   
5,L,SemanticApproach.INTENSIONAL,Representation.ABSTRACT,0_L_cefc5,English phrases can be translated into formulae. Use the following translations to answer the question.;;;;,";;;;Here is an example of how to get a formula for a phrase.;;What is the formula for ""Chad's enemy's friend""?;;;;Here are the steps to arrive at the answer:;;1. Chad's enemy = t(k);;2. Chad's enemy's friend = l(t(k));;;;So the answer is l(t(k));;;;What is the formula for ""Autumn's child's friend's enemy's child""?",Autumn's child's friend's enemy's child,h(t(l(h(w)))),k;;q;;r;;s;;v;;w,Autumn = w  Daniel's friend = l(q)  ;;Brooke = r  Brooke's friend = l(r)  ;;Chad = k    Frank's enemy = t(v)    ;;Daniel = q  Chad's enemy = t(k)     ;;Erin = s    Erin's parent = d(s)    ;;Frank = v   Autumn's child = h(w)   
5,L,SemanticApproach.INTENSIONAL,Representation.ABSTRACT,0_L_ffcf4,English phrases can be translated into formulae. Use the following translations to answer the question.;;;;,";;;;Here is an example of how to get a formula for a phrase.;;What is the formula for ""Chad's enemy's friend""?;;;;Here are the steps to arrive at the answer:;;1. Chad's enemy = t(k);;2. Chad's enemy's friend = l(t(k));;;;So the answer is l(t(k));;;;What is the formula for ""Erin's friend's child's friend's friend""?",Erin's friend's child's friend's friend,l(l(h(l(s)))),k;;q;;r;;s;;v;;w,Autumn = w  Daniel's friend = l(q)  ;;Brooke = r  Brooke's friend = l(r)  ;;Chad = k    Frank's enemy = t(v)    ;;Daniel = q  Chad's enemy = t(k)     ;;Erin = s    Erin's parent = d(s)    ;;Frank = v   Autumn's child = h(w)   
5,L,SemanticApproach.INTENSIONAL,Representation.ABSTRACT,0_L_pepf1,English phrases can be translated into formulae. Use the following translations to answer the question.;;;;,";;;;Here is an example of how to get a formula for a phrase.;;What is the formula for ""Chad's enemy's friend""?;;;;Here are the steps to arrive at the answer:;;1. Chad's enemy = t(k);;2. Chad's enemy's friend = l(t(k));;;;So the answer is l(t(k));;;;What is the formula for ""Brooke's friend's parent's enemy's parent""?",Brooke's friend's parent's enemy's parent,d(t(d(l(r)))),k;;q;;r;;s;;v;;w,Autumn = w  Daniel's friend = l(q)  ;;Brooke = r  Brooke's friend = l(r)  ;;Chad = k    Frank's enemy = t(v)    ;;Daniel = q  Chad's enemy = t(k)     ;;Erin = s    Erin's parent = d(s)    ;;Frank = v   Autumn's child = h(w)   
5,L,SemanticApproach.INTENSIONAL,Representation.ABSTRACT,0_L_epff4,English phrases can be translated into formulae. Use the following translations to answer the question.;;;;,";;;;Here is an example of how to get a formula for a phrase.;;What is the formula for ""Chad's enemy's friend""?;;;;Here are the steps to arrive at the answer:;;1. Chad's enemy = t(k);;2. Chad's enemy's friend = l(t(k));;;;So the answer is l(t(k));;;;What is the formula for ""Erin's friend's friend's parent's enemy""?",Erin's friend's friend's parent's enemy,t(d(l(l(s)))),k;;q;;r;;s;;v;;w,Autumn = w  Daniel's friend = l(q)  ;;Brooke = r  Brooke's friend = l(r)  ;;Chad = k    Frank's enemy = t(v)    ;;Daniel = q  Chad's enemy = t(k)     ;;Erin = s    Erin's parent = d(s)    ;;Frank = v   Autumn's child = h(w)   
5,L,SemanticApproach.INTENSIONAL,Representation.ABSTRACT,0_L_cpef0,English phrases can be translated into formulae. Use the following translations to answer the question.;;;;,";;;;Here is an example of how to get a formula for a phrase.;;What is the formula for ""Chad's enemy's friend""?;;;;Here are the steps to arrive at the answer:;;1. Chad's enemy = t(k);;2. Chad's enemy's friend = l(t(k));;;;So the answer is l(t(k));;;;What is the formula for ""Daniel's friend's enemy's parent's child""?",Daniel's friend's enemy's parent's child,h(d(t(l(q)))),k;;q;;r;;s;;v;;w,Autumn = w  Daniel's friend = l(q)  ;;Brooke = r  Brooke's friend = l(r)  ;;Chad = k    Frank's enemy = t(v)    ;;Daniel = q  Chad's enemy = t(k)     ;;Erin = s    Erin's parent = d(s)    ;;Frank = v   Autumn's child = h(w)   
5,L,SemanticApproach.INTENSIONAL,Representation.ABSTRACT,0_L_epff2,English phrases can be translated into formulae. Use the following translations to answer the question.;;;;,";;;;Here is an example of how to get a formula for a phrase.;;What is the formula for ""Chad's enemy's friend""?;;;;Here are the steps to arrive at the answer:;;1. Chad's enemy = t(k);;2. Chad's enemy's friend = l(t(k));;;;So the answer is l(t(k));;;;What is the formula for ""Frank's friend's friend's parent's enemy""?",Frank's friend's friend's parent's enemy,t(d(l(l(v)))),k;;q;;r;;s;;v;;w,Autumn = w  Daniel's friend = l(q)  ;;Brooke = r  Brooke's friend = l(r)  ;;Chad = k    Frank's enemy = t(v)    ;;Daniel = q  Chad's enemy = t(k)     ;;Erin = s    Erin's parent = d(s)    ;;Frank = v   Autumn's child = h(w)   
5,L,SemanticApproach.INTENSIONAL,Representation.ABSTRACT,0_L_efec5,English phrases can be translated into formulae. Use the following translations to answer the question.;;;;,";;;;Here is an example of how to get a formula for a phrase.;;What is the formula for ""Chad's enemy's friend""?;;;;Here are the steps to arrive at the answer:;;1. Chad's enemy = t(k);;2. Chad's enemy's friend = l(t(k));;;;So the answer is l(t(k));;;;What is the formula for ""Autumn's child's enemy's friend's enemy""?",Autumn's child's enemy's friend's enemy,t(l(t(h(w)))),k;;q;;r;;s;;v;;w,Autumn = w  Daniel's friend = l(q)  ;;Brooke = r  Brooke's friend = l(r)  ;;Chad = k    Frank's enemy = t(v)    ;;Daniel = q  Chad's enemy = t(k)     ;;Erin = s    Erin's parent = d(s)    ;;Frank = v   Autumn's child = h(w)   
5,L,SemanticApproach.INTENSIONAL,Representation.ABSTRACT,0_L_efcf4,English phrases can be translated into formulae. Use the following translations to answer the question.;;;;,";;;;Here is an example of how to get a formula for a phrase.;;What is the formula for ""Chad's enemy's friend""?;;;;Here are the steps to arrive at the answer:;;1. Chad's enemy = t(k);;2. Chad's enemy's friend = l(t(k));;;;So the answer is l(t(k));;;;What is the formula for ""Erin's friend's child's friend's enemy""?",Erin's friend's child's friend's enemy,t(l(h(l(s)))),k;;q;;r;;s;;v;;w,Autumn = w  Daniel's friend = l(q)  ;;Brooke = r  Brooke's friend = l(r)  ;;Chad = k    Frank's enemy = t(v)    ;;Daniel = q  Chad's enemy = t(k)     ;;Erin = s    Erin's parent = d(s)    ;;Frank = v   Autumn's child = h(w)   
